11111,78,-31,44,481,1162,1.47,0.147,32.2
11112,78,-31,44,478,1327,1.47,0.147,52.7
11113,78,-31,44,477,1434,1.47,0.147,67.7
11114,78,-31,45,481,1730,1.47,0.147,103.6
11115,78,-31,45,490,2311,1.47,0.147,236.1
11121,78,-30,41,481,1145,1.47,0.294,23.3
11122,79,-30,40,477,1298,1.47,0.294,37.3
11123,79,-31,40,476,1370,1.47,0.294,47.6
11124,78,-31,40,478,1590,1.47,0.294,73.7
11125,78,-32,40,488,1923,1.47,0.294,168.4
11131,78,-29,43,484,1010,1.47,0.441,20.8
11132,78,-29,43,481,1122,1.47,0.441,34.3
11133,78,-29,42,480,1174,1.47,0.441,44
11134,78,-29,42,482,1349,1.47,0.441,67.4
11135,78,-29,42,490,1616,1.47,0.441,151.5
11141,79,-31,42,479,1024,1.47,0.588,17.8
11142,79,-31,42,475,1113,1.47,0.588,28.2
11143,78,-31,42,474,1148,1.47,0.588,36
11144,78,-31,42,476,1267,1.47,0.588,55.4
11145,77,-32,43,485,1388,1.47,0.588,125.8
11151,80,-31,43,396,877,1.47,0.882,16.1
11152,80,-30,43,396,947,1.47,0.882,25
11153,80,-30,43,393,999,1.47,0.882,31.3
11154,80,-30,43,399,1133,1.47,0.882,46.6
11155,80,-30,44,401,1372,1.47,0.882,103.7
11161,79,-31,43,325,818,1.47,1.47,11.3
11162,79,-31,43,324,864,1.47,1.47,17.9
11163,80,-31,43,325,883,1.47,1.47,22.7
11164,80,-31,43,332,928,1.47,1.47,34.6
11165,81,-31,42,337,990,1.47,1.47,78.5
21111,73,-10,46,401,889,3.905,0.3905,16.9
21112,73,-10,46,397,1033,3.905,0.3905,27.2
21113,73,-10,46,395,1098,3.905,0.3905,34.9
21114,74,-10,46,399,1304,3.905,0.3905,53
21115,73,-10,47,401,1692,3.905,0.3905,118.6
21121,74,-10,45,403,851,3.905,0.781,14.3
21122,74,-10,45,395,964,3.905,0.781,21.8
21123,74,-10,45,394,1013,3.905,0.781,27.3
21124,74,-9,46,397,1151,3.905,0.781,40.6
21125,74,-10,45,398,1372,3.905,0.781,89.4
21131,74,-10,46,407,789,3.905,1.1715,11.5
21132,74,-10,46,400,860,3.905,1.1715,18.3
21133,73,-10,46,403,894,3.905,1.1715,22.9
21134,73,-10,47,406,999,3.905,1.1715,34.1
21135,74,-10,47,410,1128,3.905,1.1715,75.1
21141,74,-10,46,403,795,3.905,1.562,9.2
21142,74,-10,45,398,871,3.905,1.562,15
21143,74,-10,45,397,903,3.905,1.562,19.2
21144,74,-10,45,399,1003,3.905,1.562,29
21145,74,-10,46,403,1107,3.905,1.562,65.5
21151,75,-10,47,331,673,3.905,2.343,7.5
21152,75,-10,47,328,712,3.905,2.343,11.9
21153,75,-10,47,326,734,3.905,2.343,15.2
21154,76,-10,47,331,809,3.905,2.343,23
21155,76,-10,48,335,925,3.905,2.343,51.8
21161,74,-11,46,279,643,3.905,3.905,6
21162,74,-11,45,275,671,3.905,3.905,9.6
21163,74,-11,45,272,684,3.905,3.905,12.4
21164,74,-11,46,277,716,3.905,3.905,18.9
21165,74,-11,45,278,742,3.905,3.905,42.5
31111,73,-3,47,375,796,5.795,0.5795,13.6
31112,73,-3,47,369,916,5.795,0.5795,21.5
31113,73,-2,46,367,970,5.795,0.5795,27.4
31114,73,-2,46,373,1139,5.795,0.5795,41.1
31115,73,-2,46,374,1422,5.795,0.5795,90.8
31121,73,-3,48,373,761,5.795,1.159,10.6
31122,73,-3,47,373,851,5.795,1.159,16.8
31123,73,-3,47,370,895,5.795,1.159,21.2
31124,73,-3,47,373,1029,5.795,1.159,31.4
31125,74,-3,47,375,1223,5.795,1.159,69.1
31131,73,-3,46,380,705,5.795,1.7385,8.3
31132,73,-2,46,376,780,5.795,1.7385,13.6
31133,73,-2,46,371,811,5.795,1.7385,17.2
31134,73,-3,47,376,895,5.795,1.7385,26.5
31135,73,-3,47,378,985,5.795,1.7385,60.5
31141,73,-3,47,375,685,5.795,2.318,8.3
31142,73,-3,47,373,737,5.795,2.318,12.9
31143,73,-3,47,370,761,5.795,2.318,16.2
31144,73,-3,47,376,837,5.795,2.318,24
31145,73,-4,47,377,906,5.795,2.318,52.2
31151,74,-2,48,305,602,5.795,3.477,6.6
31152,74,-3,48,301,631,5.795,3.477,10.3
31153,74,-3,48,297,660,5.795,3.477,13
31154,74,-3,48,301,726,5.795,3.477,19.2
31155,74,-3,48,304,820,5.795,3.477,42.3
31161,73,-3,47,258,572,5.795,5.795,4.7
31162,73,-4,47,254,599,5.795,5.795,7.5
31163,73,-4,47,250,613,5.795,5.795,9.6
31164,73,-4,47,257,646,5.795,5.795,14.6
31165,73,-4,47,257,705,5.795,5.795,33.3
12111,78,-32,41,492,1135,2.94,0.294,23.2
12112,78,-32,40,486,1272,2.94,0.294,37.3
12113,77,-32,40,482,1362,2.94,0.294,47.4
12114,78,-32,41,488,1633,2.94,0.294,71.1
12115,78,-32,41,495,2109,2.94,0.294,158.3
12121,77,-33,40,500,1094,2.94,0.588,17.6
12122,77,-33,40,497,1238,2.94,0.588,28.3
12123,77,-33,40,493,1295,2.94,0.588,35.7
12124,77,-33,40,496,1514,2.94,0.588,53
12125,76,-32,40,503,1768,2.94,0.588,118.2
12131,78,-31,40,494,1033,2.94,0.882,13.4
12132,78,-32,40,491,1140,2.94,0.882,21.7
12133,78,-32,40,486,1184,2.94,0.882,27.9
12134,78,-32,40,496,1312,2.94,0.882,43.2
12135,77,-33,40,499,1448,2.94,0.882,98.6
12141,78,-32,40,483,1019,2.94,1.176,12.2
12142,78,-32,40,482,1112,2.94,1.176,19.4
12143,78,-32,40,481,1147,2.94,1.176,24.5
12144,78,-32,0,490,1256,2.94,1.176,36.9
12145,79,-32,41,494,1342,2.94,1.176,82.8
12151,79,-32,41,400,849,2.94,1.764,11
12152,79,-32,41,398,932,2.94,1.764,17
12153,79,-32,41,397,974,2.94,1.764,21.4
12154,79,-32,41,401,1070,2.94,1.764,32.1
12155,78,-32,42,397,1286,2.94,1.764,71.5
12161,78,-32,41,337,816,2.94,2.94,8.3
12162,78,-33,40,335,869,2.94,2.94,12.9
12163,78,-33,41,331,886,2.94,2.94,16.2
12164,78,-32,41,336,926,2.94,2.94,24.3
12165,78,-32,41,328,1032,2.94,2.94,54
22111,73,-10,45,398,898,7.81,0.781,11.5
22112,73,-10,45,396,1043,7.81,0.781,18.5
22113,73,-10,45,395,1112,7.81,0.781,23.7
22114,73,-10,45,398,1322,7.81,0.781,36.5
22115,73,-10,45,395,1673,7.81,0.781,82.5
22121,73,-11,45,402,848,7.81,1.562,9.8
22122,73,-11,45,398,948,7.81,1.562,14.9
22123,73,-10,45,397,990,7.81,1.562,18.7
22124,73,-11,45,399,1119,7.81,1.562,28
22125,73,-11,46,397,1322,7.81,1.562,62.2
22131,74,-11,46,403,787,7.81,2.343,7.4
22132,74,-11,45,400,869,7.81,2.343,11.7
22133,74,-11,46,399,901,7.81,2.343,14.9
22134,74,-11,46,400,997,7.81,2.343,22.7
22135,73,-11,45,397,1117,7.81,2.343,51
22141,74,-10,46,399,781,7.81,3.124,7
22142,73,-10,46,396,847,7.81,3.124,10.8
22143,73,-11,46,395,877,7.81,3.124,13.5
22144,74,-10,46,396,969,7.81,3.124,20
22145,74,-10,46,394,1065,7.81,3.124,43.9
22151,74,-10,46,319,673,7.81,4.686,5.4
22152,74,-11,46,316,725,7.81,4.686,8.6
22153,75,-11,46,315,757,7.81,4.686,10.9
22154,75,-11,46,317,837,7.81,4.686,16.6
22155,75,-11,47,314,993,7.81,4.686,37.4
22161,74,-11,45,276,644,7.81,7.81,4.4
22162,74,-11,45,270,670,7.81,7.81,7
22163,74,-11,45,269,684,7.81,7.81,8.8
22164,74,-11,45,271,726,7.81,7.81,13.2
22165,74,-11,45,267,774,7.81,7.81,29.7
32111,73,-2,47,370,797,11.59,1.159,9.6
32112,72,-2,47,367,933,11.59,1.159,15.2
32113,72,-2,47,367,1000,11.59,1.159,19.3
32114,72,-3,47,368,1199,11.59,1.159,28.9
32115,73,-4,46,365,1549,11.59,1.159,64.1
32121,72,-3,47,371,751,11.59,2.318,7.9
32122,72,-3,47,368,839,11.59,2.318,12
32123,72,-3,47,368,879,11.59,2.318,15
32124,72,-3,47,369,996,11.59,2.318,22.4
32125,72,-4,47,367,1165,11.59,2.318,49.8
32131,72,-3,47,374,705,11.59,3.477,6.3
32132,72,-3,46,371,765,11.59,3.477,9.9
32133,72,-3,46,370,793,11.59,3.477,12.5
32134,72,-3,46,372,877,11.59,3.477,18.5
32135,72,-4,46,370,965,11.59,3.477,41.2
32141,72,-3,47,371,692,11.59,4.636,5.7
32142,72,-3,47,368,748,11.59,4.636,8.6
32143,72,-3,47,368,771,11.59,4.636,10.7
32144,72,-3,47,369,845,11.59,4.636,15.8
32145,72,-4,46,367,919,11.59,4.636,34.8
32151,74,-3,48,289,598,11.59,6.954,4.6
32152,74,-3,48,287,636,11.59,6.954,7.3
32153,74,-3,48,286,663,11.59,6.954,9.2
32154,74,-3,48,288,736,11.59,6.954,13.8
32155,74,-3,48,284,860,11.59,6.954,30.9
32161,73,-4,47,253,571,11.59,11.59,3.7
32162,73,-4,46,251,592,11.59,11.59,5.6
32163,73,-4,46,250,603,11.59,11.59,7
32164,73,-4,46,251,633,11.59,11.59,10.4
32165,72,-4,46,248,669,11.59,11.59,22.7
13111,77,-34,41,481,1165,4.41,0.441,18.6
13112,77,-34,41,477,1371,4.41,0.441,29.8
13113,77,-34,40,476,1465,4.41,0.441,38.1
13114,77,-34,40,477,1723,4.41,0.441,57.5
13115,78,-34,41,482,2136,4.41,0.441,128.5
13121,77,-32,40,478,1114,4.41,0.882,14.6
13122,78,-32,40,475,1262,4.41,0.882,22.1
13123,78,-33,41,474,1323,4.41,0.882,27.7
13124,78,-33,41,476,1504,4.41,0.882,41.5
13125,78,-33,42,480,1831,4.41,0.882,92.6
13131,78,-32,40,482,1040,4.41,1.323,12
13132,78,-32,40,479,1157,4.41,1.323,18.5
13133,78,-32,40,477,1202,4.41,1.323,23.3
13134,78,-32,39,479,1325,4.41,1.323,34.7
13135,78,-32,39,483,1462,4.41,1.323,76.6
13141,77,-33,40,478,1033,4.41,1.764,10.8
13142,77,-33,40,474,1128,4.41,1.764,16.7
13143,78,-32,40,473,1164,4.41,1.764,21.2
13144,78,-32,41,475,1303,4.41,1.764,31.4
13145,77,-32,41,478,1472,4.41,1.764,69
13151,78,-32,41,396,849,4.41,2.646,8.1
13152,78,-32,41,393,915,4.41,2.646,12.9
13153,78,-32,41,392,964,4.41,2.646,16.4
13154,79,-32,41,395,1064,4.41,2.646,24.6
13155,79,-33,41,394,1226,4.41,2.646,54.9
13161,78,-33,40,329,809,4.41,4.41,6.3
13162,78,-33,40,326,842,4.41,4.41,9.8
13163,78,-33,40,325,857,4.41,4.41,12.4
13164,78,-33,40,328,913,4.41,4.41,18.7
13165,78,-34,39,325,965,4.41,4.41,42.3
23111,73,-10,45,401,879,11.715,1.1715,10.5
23112,73,-10,45,398,1015,11.715,1.1715,16
23113,73,-10,45,397,1073,11.715,1.1715,20
23114,73,-10,45,398,1217,11.715,1.1715,29.9
23115,72,-10,45,396,1475,11.715,1.1715,66.6
23121,74,-10,45,399,857,11.715,2.343,7.7
23122,74,-10,44,396,963,11.715,2.343,11.9
23123,74,-10,44,395,1012,11.715,2.343,15
23124,74,-10,44,397,1158,11.715,2.343,22.7
23125,74,-10,44,394,1344,11.715,2.343,50.8
23131,74,-10,45,402,784,11.715,3.5145,6.9
23132,74,-10,45,399,854,11.715,3.5145,10.4
23133,74,-10,45,398,883,11.715,3.5145,13
23134,74,-10,45,400,980,11.715,3.5145,19.1
23135,75,-11,46,396,1078,11.715,3.5145,42.2
23141,74,-11,45,398,781,11.715,4.686,5.3
23142,74,-11,44,395,848,11.715,4.686,8.3
23143,74,-11,44,394,876,11.715,4.686,10.4
23144,74,-11,44,396,969,11.715,4.686,15.4
23145,74,-11,44,393,1071,11.715,4.686,34.3
23151,75,-10,46,320,670,11.715,7.029,4.8
23152,75,-10,46,317,716,11.715,7.029,7.4
23153,75,-10,46,316,747,11.715,7.029,9.2
23154,75,-10,46,319,819,11.715,7.029,13.6
23155,75,-11,46,315,935,11.715,7.029,30.1
23161,74,-11,45,276,634,11.715,11.715,3.4
23162,74,-11,45,273,662,11.715,11.715,5.3
23163,74,-11,45,273,675,11.715,11.715,6.8
23164,74,-11,45,274,714,11.715,11.715,10.3
23165,74,-11,45,270,761,11.715,11.715,23.3
33111,72,-3,47,372,777,17.385,1.7385,8.3
33112,72,-3,47,369,890,17.385,1.7385,12.8
33113,72,-3,47,368,934,17.385,1.7385,16.1
33114,72,-3,47,370,1083,17.385,1.7385,23.8
33115,73,-3,47,368,1345,17.385,1.7385,52.2
33121,72,-3,47,371,740,17.385,3.477,6.4
33122,72,-3,47,368,821,17.385,3.477,9.6
33123,72,-3,47,367,859,17.385,3.477,11.9
33124,72,-3,47,369,978,17.385,3.477,17.8
33125,72,-3,47,366,1137,17.385,3.477,39.2
33131,73,-3,47,374,700,17.385,5.2155,5.2
33132,73,-3,47,371,767,17.385,5.2155,8.2
33133,73,-3,47,371,796,17.385,5.2155,10.3
33134,73,-3,47,372,886,17.385,5.2155,15.3
33135,73,-2,46,370,982,17.385,5.2155,33.8
33141,73,-3,47,371,694,17.385,6.954,4.7
33142,73,-3,47,368,755,17.385,6.954,7.2
33143,73,-3,47,367,778,17.385,6.954,9.1
33144,73,-3,47,369,856,17.385,6.954,13.4
33145,73,-3,47,366,928,17.385,6.954,29.4
33151,73,-3,48,296,599,17.385,10.431,3.6
33152,73,-3,48,294,631,17.385,10.431,5.8
33153,73,-3,48,293,656,17.385,10.431,7.4
33154,73,-3,48,295,716,17.385,10.431,11.1
33155,73,-3,47,291,808,17.385,10.431,25
33161,73,-3,46,253,577,17.385,17.385,2.9
33162,73,-4,46,251,601,17.385,17.385,4.5
33163,73,-4,46,250,612,17.385,17.385,5.7
33164,73,-4,46,251,640,17.385,17.385,8.6
33165,73,-4,46,247,675,17.385,17.385,18.9
14111,78,-32,40,479,1220,5.88,0.588,15.7
14112,78,-32,39,475,1405,5.88,0.588,25.3
14113,78,-32,40,473,1515,5.88,0.588,32
14114,79,-32,39,475,1833,5.88,0.588,47.2
14115,78,-31,39,479,2394,5.88,0.588,102.9
14121,78,-32,39,481,1106,5.88,1.176,12.8
14122,78,-32,39,477,1245,5.88,1.176,19.7
14123,78,-32,39,476,1306,5.88,1.176,24.6
14124,79,-32,39,478,1506,5.88,1.176,36.8
14125,79,-31,40,481,1800,5.88,1.176,81.4
14131,78,-32,40,482,1027,5.88,1.764,9.9
14132,78,-32,40,478,1139,5.88,1.764,15.7
14133,78,-32,40,477,1186,5.88,1.764,20
14134,78,-32,40,479,1333,5.88,1.764,30.2
14135,78,-32,39,481,1512,5.88,1.764,68.3
14141,77,-32,40,479,1015,5.88,2.352,8.9
14142,77,-32,40,475,1108,5.88,2.352,13.9
14143,77,-32,40,474,1144,5.88,2.352,17.4
14144,77,-32,40,476,1271,5.88,2.352,26
14145,77,-32,40,477,1413,5.88,2.352,57.5
14151,78,-32,41,393,850,5.88,3.528,6.6
14152,78,-32,41,389,916,5.88,3.528,10.9
14153,78,-32,41,388,954,5.88,3.528,14.1
14154,78,-32,41,391,1049,5.88,3.528,21.7
14155,78,-32,41,389,1209,5.88,3.528,49.3
14161,78,-33,40,328,810,5.88,5.88,5.5
14162,77,-33,40,325,863,5.88,5.88,8.6
14163,77,-33,40,324,881,5.88,5.88,10.9
14164,78,-33,40,326,924,5.88,5.88,16.6
14165,78,-34,40,322,981,5.88,5.88,37.2
24111,74,-10,45,399,906,15.62,1.562,9.1
24112,74,-10,45,396,1055,15.62,1.562,13.8
24113,74,-10,45,395,1126,15.62,1.562,17.3
24114,74,-10,45,397,1327,15.62,1.562,25.6
24115,74,-10,45,393,1651,15.62,1.562,56.4
24121,74,-10,45,400,844,15.62,3.124,6.7
24122,74,-10,45,397,945,15.62,3.124,10.3
24123,74,-10,45,396,992,15.62,3.124,13
24124,74,-10,45,398,1132,15.62,3.124,19.4
24125,74,-10,45,395,1319,15.62,3.124,42.8
24131,74,-10,45,403,797,15.62,4.686,5.9
24132,74,-10,45,399,876,15.62,4.686,9
24133,74,-10,45,398,913,15.62,4.686,11.4
24134,74,-10,45,400,1023,15.62,4.686,16.7
24135,74,-10,45,397,1157,15.62,4.686,36.4
24141,74,-10,45,400,790,15.62,6.248,5.3
24142,73,-10,45,397,859,15.62,6.248,7.8
24143,73,-10,45,396,890,15.62,6.248,9.7
24144,73,-11,45,397,985,15.62,6.248,14.1
24145,73,-11,45,393,1082,15.62,6.248,30.9
24151,75,-11,46,319,660,15.62,9.372,3.8
24152,75,-10,46,316,711,15.62,9.372,6
24153,75,-11,46,315,741,15.62,9.372,7.7
24154,75,-11,46,317,821,15.62,9.372,11.7
24155,75,-11,46,313,966,15.62,9.372,26.7
24161,74,-11,45,273,636,15.62,15.62,2.9
24162,74,-11,45,270,669,15.62,15.62,4.6
24163,74,-11,45,270,681,15.62,15.62,5.9
24164,74,-11,45,271,714,15.62,15.62,8.9
24165,74,-11,45,267,735,15.62,15.62,20.3
34111,72,-3,46,373,772,23.18,2.318,7.5
34112,72,-3,46,370,881,23.18,2.318,11.2
34113,72,-3,46,369,922,23.18,2.318,14.1
34114,72,-3,46,370,1077,23.18,2.318,20.7
34115,72,-3,47,367,1348,23.18,2.318,45.9
34121,73,-3,47,372,744,23.18,4.636,5.9
34122,73,-3,47,369,829,23.18,4.636,8.5
34123,73,-3,47,369,867,23.18,4.636,10.5
34124,73,-3,47,370,988,23.18,4.636,16.6
34125,73,-3,46,367,1134,23.18,4.636,35.2
34131,73,-3,47,375,701,23.18,6.954,4.8
34132,73,-3,47,372,767,23.18,6.954,7.2
34133,73,-3,47,371,797,23.18,6.954,8.9
34134,73,-3,47,373,881,23.18,6.954,13.3
34135,72,-3,47,369,976,23.18,6.954,29.5
34141,73,-3,46,372,692,23.18,9.272,3.7
34142,73,-3,46,369,748,23.18,9.272,5.9
34143,73,-3,46,368,770,23.18,9.272,7.5
34144,73,-3,46,370,842,23.18,9.272,11.2
34145,72,-3,46,367,899,23.18,9.272,25.1
34151,73,-3,48,300,596,23.18,13.908,3
34152,73,-3,47,298,634,23.18,13.908,4.7
34153,73,-3,47,297,661,23.18,13.908,6
34154,73,-3,48,299,727,23.18,13.908,9
34155,73,-4,48,294,826,23.18,13.908,20.2
34161,73,-3,46,253,570,23.18,23.18,2.6
34162,72,-3,46,251,600,23.18,23.18,3.8
34163,72,-3,46,250,613,23.18,23.18,4.8
34164,72,-3,46,251,648,23.18,23.18,7.1
34165,72,-4,46,247,672,23.18,23.18,15.8
15111,78,-33,40,479,1137,7.35,0.735,13.1
15112,78,-33,40,475,1301,7.35,0.735,21.5
15113,78,-33,40,474,1378,7.35,0.735,27.4
15114,78,-33,40,476,1618,7.35,0.735,41.2
15115,78,-33,40,481,2006,7.35,0.735,92.1
15121,77,-33,39,478,1115,7.35,1.47,9.8
15122,77,-33,39,475,1253,7.35,1.47,15.8
15123,77,-33,39,474,1314,7.35,1.47,20.1
15124,77,-33,39,476,1524,7.35,1.47,31
15125,77,-33,39,479,1819,7.35,1.47,70.2
15131,77,-32,39,481,1037,7.35,2.205,8.1
15132,77,-32,39,477,1147,7.35,2.205,13.4
15133,77,-32,39,476,1192,7.35,2.205,17.3
15134,77,-33,39,478,1335,7.35,2.205,26.5
15135,77,-33,38,481,1516,7.35,2.205,59.9
15141,78,-33,39,477,993,7.35,2.94,7.2
15142,77,-33,39,473,1074,7.35,2.94,11.9
15143,78,-33,39,472,1103,7.35,2.94,15.3
15144,78,-33,39,474,1211,7.35,2.94,23.6
15145,78,-33,39,476,1347,7.35,2.94,53.3
15151,78,-33,41,398,851,7.35,4.41,5.7
15152,78,-33,40,395,904,7.35,4.41,9.3
15153,78,-33,40,394,944,7.35,4.41,12
15154,78,-33,40,397,1040,7.35,4.41,18.6
15155,78,-34,40,395,1201,7.35,4.41,42.7
15161,77,-33,40,329,806,7.35,7.35,4.9
15162,77,-33,40,326,845,7.35,7.35,7.8
15163,77,-33,39,325,860,7.35,7.35,9.9
15164,77,-33,40,327,920,7.35,7.35,14.9
15165,78,-33,40,324,990,7.35,7.35,33.2
25111,74,-11,45,400,873,19.525,1.9525,7.5
25112,74,-12,45,396,1000,19.525,1.9525,11.8
25113,74,-11,45,396,1063,19.525,1.9525,15
25114,74,-11,45,397,1257,19.525,1.9525,22.7
25115,74,-11,45,394,1591,19.525,1.9525,51.5
25121,73,-11,44,399,842,19.525,3.905,5.3
25122,73,-11,44,396,938,19.525,3.905,8.5
25123,73,-11,44,395,980,19.525,3.905,10.9
25124,73,-11,44,397,1113,19.525,3.905,16.9
25125,73,-11,44,394,1277,19.525,3.905,38.6
25131,73,-11,45,402,790,19.525,5.8575,4.5
25132,73,-11,45,399,875,19.525,5.8575,7.4
25133,74,-11,45,398,909,19.525,5.8575,9.5
25134,74,-11,45,400,1013,19.525,5.8575,14.6
25135,73,-11,45,397,1128,19.525,5.8575,32.9
25141,74,-11,45,398,779,19.525,7.81,4.2
25142,73,-11,45,395,845,19.525,7.81,6.8
25143,73,-11,45,394,871,19.525,7.81,8.6
25144,74,-11,45,396,960,19.525,7.81,12.9
25145,74,-11,45,392,1051,19.525,7.81,28.8
25151,74,-11,46,324,668,19.525,11.715,3.6
25152,74,-11,46,321,703,19.525,11.715,5.6
25153,74,-11,46,320,729,19.525,11.715,7.1
25154,74,-11,46,322,795,19.525,11.715,10.7
25155,74,-11,45,318,889,19.525,11.715,23.9
25161,74,-11,45,275,638,19.525,19.525,2.7
25162,74,-12,45,273,673,19.525,19.525,4.2
25163,74,-12,44,272,686,19.525,19.525,5.4
25164,73,-12,45,273,731,19.525,19.525,8
25165,73,-12,44,269,799,19.525,19.525,17.9
35111,72,-3,46,371,780,28.975,2.8975,6
35112,72,-3,46,368,893,28.975,2.8975,9.8
35113,72,-3,46,367,942,28.975,2.8975,12.5
35114,73,-3,46,369,1059,28.975,2.8975,18.6
35115,73,-3,46,365,1293,28.975,2.8975,41.2
35121,72,-4,46,371,749,28.975,5.795,4.8
35122,72,-4,46,368,842,28.975,5.795,7.4
35123,72,-4,46,367,883,28.975,5.795,9.3
35124,72,-4,46,369,1013,28.975,5.795,13.9
35125,71,-4,46,366,1188,28.975,5.795,31
35131,73,-4,46,373,703,28.975,8.6925,3.9
35132,73,-3,46,371,763,28.975,8.6925,6.2
35133,73,-4,46,370,787,28.975,8.6925,7.8
35134,73,-4,46,371,868,28.975,8.6925,11.7
35135,73,-4,46,368,954,28.975,8.6925,26
35141,72,-3,46,370,693,28.975,11.59,3.3
35142,72,-3,46,368,747,28.975,11.59,5.3
35143,72,-3,46,367,769,28.975,11.59,6.7
35144,72,-3,46,369,854,28.975,11.59,10.1
35145,72,-3,46,365,936,28.975,11.59,22.5
35151,73,-4,47,297,595,28.975,17.385,3
35152,73,-4,47,295,626,28.975,17.385,4.7
35153,73,-4,47,294,646,28.975,17.385,5.9
35154,73,-4,47,296,708,28.975,17.385,8.6
35155,73,-4,47,291,809,28.975,17.385,18.8
35161,72,-4,46,256,568,28.975,28.975,2.2
35162,72,-4,46,253,590,28.975,28.975,3.4
35163,72,-4,46,252,600,28.975,28.975,4.3
35164,72,-4,46,254,626,28.975,28.975,6.5
35165,72,-4,46,250,652,28.975,28.975,14.5
16111,77,-33,39,478,1125,8.82,0.882,13.3
16112,76,-33,39,474,1286,8.82,0.882,20.6
16113,76,-33,38,473,1359,8.82,0.882,26
16114,77,-33,39,475,1579,8.82,0.882,38.8
16115,77,-33,39,479,1953,8.82,0.882,86.1
16121,76,-33,39,477,1120,8.82,1.764,10.1
16122,76,-33,39,473,1265,8.82,1.764,15.5
16123,76,-32,39,472,1332,8.82,1.764,19.5
16124,76,-32,39,474,1542,8.82,1.764,29
16125,76,-32,39,476,1838,8.82,1.764,64.6
16131,76,-33,39,480,1031,8.82,2.646,8.4
16132,76,-33,39,476,1146,8.82,2.646,13.3
16133,76,-33,39,475,1201,8.82,2.646,16.9
16134,76,-33,39,477,1365,8.82,2.646,25.4
16135,76,-33,40,478,1602,8.82,2.646,56
16141,77,-33,39,476,1001,8.82,3.528,7.2
16142,77,-33,39,473,1085,8.82,3.528,11.1
16143,77,-33,39,472,1115,8.82,3.528,14.1
16144,77,-33,39,473,1224,8.82,3.528,21.4
16145,77,-32,39,473,1311,8.82,3.528,47.9
16151,78,-33,40,393,837,8.82,5.292,5.3
16152,78,-33,40,390,904,8.82,5.292,8.6
16153,78,-33,40,389,942,8.82,5.292,11
16154,78,-33,40,392,1031,8.82,5.292,16.9
16155,77,-33,40,391,1173,8.82,5.292,38.3
16161,77,-33,40,324,812,8.82,8.82,4.9
16162,77,-34,39,321,859,8.82,8.82,7.4
16163,77,-34,39,321,875,8.82,8.82,9.3
16164,77,-33,39,323,927,8.82,8.82,13.8
16165,76,-33,39,319,985,8.82,8.82,30.8
26111,73,-11,44,399,890,23.43,2.343,7.8
26112,73,-11,44,396,1012,23.43,2.343,11.6
26113,73,-11,44,395,1059,23.43,2.343,14.4
26114,73,-11,44,396,1234,23.43,2.343,20.9
26115,73,-10,44,393,1545,23.43,2.343,45
26121,73,-11,45,399,849,23.43,4.686,6.1
26122,73,-11,44,396,951,23.43,4.686,8.8
26123,73,-11,44,396,995,23.43,4.686,11
26124,73,-11,44,398,1130,23.43,4.686,16.4
26125,73,-11,44,394,1296,23.43,4.686,36.4
26131,73,-11,44,402,789,23.43,7.029,4.9
26132,73,-11,44,399,866,23.43,7.029,7.3
26133,73,-11,44,399,900,23.43,7.029,9.1
26134,73,-11,45,401,1008,23.43,7.029,13.4
26135,73,-11,44,397,1144,23.43,7.029,29.5
26141,73,-11,44,398,782,23.43,9.372,4.2
26142,73,-11,44,396,842,23.43,9.372,6.4
26143,73,-11,44,395,865,23.43,9.372,8
26144,73,-11,44,397,942,23.43,9.372,11.8
26145,73,-11,44,394,1002,23.43,9.372,25.8
26151,74,-11,46,322,665,23.43,14.058,3.3
26152,74,-11,45,320,706,23.43,14.058,5.1
26153,74,-11,45,320,736,23.43,14.058,6.4
26154,74,-11,45,322,805,23.43,14.058,9.5
26155,74,-11,45,318,931,23.43,14.058,21.2
26161,73,-12,45,272,635,23.43,23.43,3
26162,73,-12,45,270,670,23.43,23.43,4.5
26163,73,-12,45,270,684,23.43,23.43,5.5
26164,73,-12,45,270,718,23.43,23.43,7.9
26165,73,-12,45,267,744,23.43,23.43,17
36111,72,-4,47,372,778,34.77,3.477,6.3
36112,72,-4,46,370,885,34.77,3.477,9.7
36113,71,-4,46,370,927,34.77,3.477,12.1
36114,71,-4,46,371,1073,34.77,3.477,17.8
36115,72,-4,45,368,1331,34.77,3.477,39
36121,72,-4,46,372,744,34.77,6.954,5.3
36122,72,-4,46,370,828,34.77,6.954,7.3
36123,72,-4,46,369,865,34.77,6.954,8.9
36124,72,-4,46,371,986,34.77,6.954,13.1
36125,72,-4,46,368,1140,34.77,6.954,29
36131,72,-4,46,374,702,34.77,10.431,3.8
36132,72,-3,46,372,768,34.77,10.431,5.8
36133,72,-4,46,371,796,34.77,10.431,7.3
36134,72,-4,46,373,885,34.77,10.431,11
36135,72,-3,46,370,986,34.77,10.431,24.8
36141,72,-3,47,372,690,34.77,13.908,3.6
36142,72,-3,46,369,745,34.77,13.908,5.3
36143,72,-3,46,369,767,34.77,13.908,6.5
36144,72,-3,46,370,842,34.77,13.908,9.6
36145,72,-3,46,367,911,34.77,13.908,20.9
36151,73,-4,47,296,594,34.77,20.862,2.6
36152,73,-4,47,297,625,34.77,20.862,4.1
36153,73,-4,47,296,648,34.77,20.862,5.2
36154,73,-4,47,298,709,34.77,20.862,7.8
36155,72,-4,47,294,805,34.77,20.862,17.4
36161,72,-4,46,253,575,34.77,34.77,2.4
36162,72,-4,46,253,595,34.77,34.77,3.5
36163,72,-4,46,253,605,34.77,34.77,4.2
36164,72,-4,46,254,634,34.77,34.77,6.1
36165,72,-4,46,250,657,34.77,34.77,13.3
17111,78,-33,40,479,1144,10.29,1.029,10.8
17112,78,-33,40,475,1314,10.29,1.029,17.7
17113,78,-32,39,474,1406,10.29,1.029,22.8
17114,78,-32,39,476,1666,10.29,1.029,35.1
17115,78,-32,39,481,2115,10.29,1.029,79.4
17121,77,-32,40,476,1120,10.29,2.058,8.9
17122,77,-32,40,473,1257,10.29,2.058,14
17123,77,-32,40,472,1317,10.29,2.058,17.8
17124,77,-32,40,473,1495,10.29,2.058,27.1
17125,76,-32,40,475,1712,10.29,2.058,60.7
17131,78,-32,40,480,1026,10.29,3.087,7.4
17132,78,-32,40,476,1137,10.29,3.087,11.7
17133,77,-32,40,475,1187,10.29,3.087,14.8
17134,78,-32,40,477,1352,10.29,3.087,22.5
17135,78,-32,39,479,1580,10.29,3.087,50.3
17141,78,-32,40,475,1023,10.29,4.116,6.6
17142,77,-32,40,472,1117,10.29,4.116,10.7
17143,77,-32,40,471,1155,10.29,4.116,13.7
17144,78,-32,40,473,1278,10.29,4.116,20.1
17145,78,-32,41,473,1407,10.29,4.116,43.9
17151,78,-32,41,392,841,10.29,6.174,4.9
17152,78,-32,41,389,909,10.29,6.174,8.1
17153,78,-32,41,388,946,10.29,6.174,10.4
17154,78,-32,41,391,1036,10.29,6.174,16.1
17155,78,-32,41,390,1187,10.29,6.174,36.7
17161,77,-33,40,320,814,10.29,10.29,4.1
17162,77,-33,40,318,866,10.29,10.29,6.4
17163,77,-33,40,317,881,10.29,10.29,8.2
17164,77,-33,40,319,926,10.29,10.29,12.5
17165,77,-33,40,316,979,10.29,10.29,28.2
27111,73,-11,45,398,885,27.335,2.7335,6.8
27112,74,-11,45,395,1019,27.335,2.7335,10.4
27113,74,-11,45,395,1072,27.335,2.7335,13.1
27114,74,-10,45,396,1247,27.335,2.7335,19.4
27115,74,-10,44,393,1599,27.335,2.7335,43.4
27121,73,-11,44,397,844,27.335,5.467,5.2
27122,73,-11,44,394,941,27.335,5.467,8.1
27123,73,-11,44,394,983,27.335,5.467,10.2
27124,73,-11,44,395,1117,27.335,5.467,15.3
27125,73,-11,44,392,1271,27.335,5.467,33.6
27131,74,-10,45,400,790,27.335,8.2005,4.2
27132,74,-10,45,397,865,27.335,8.2005,6.5
27133,74,-10,45,397,899,27.335,8.2005,8.3
27134,74,-10,45,398,1004,27.335,8.2005,12.5
27135,74,-10,44,396,1130,27.335,8.2005,28.2
27141,74,-11,44,397,778,27.335,10.934,3.8
27142,74,-11,44,394,839,27.335,10.934,5.8
27143,74,-10,44,393,863,27.335,10.934,7.3
27144,74,-10,44,395,950,27.335,10.934,11
27145,73,-10,44,393,1017,27.335,10.934,24.3
27151,75,-10,46,319,661,27.335,16.401,2.8
27152,75,-10,46,317,715,27.335,16.401,4.6
27153,75,-10,46,316,747,27.335,16.401,5.8
27154,75,-10,46,318,830,27.335,16.401,8.8
27155,75,-10,45,314,967,27.335,16.401,19.5
27161,74,-11,45,268,641,27.335,27.335,2.2
27162,74,-11,45,265,675,27.335,27.335,3.5
27163,74,-11,45,265,687,27.335,27.335,4.4
27164,74,-11,45,266,718,27.335,27.335,6.6
27165,74,-11,45,262,753,27.335,27.335,14.8
37111,72,-3,46,370,781,40.565,4.0565,5.3
37112,72,-3,46,367,888,40.565,4.0565,8.1
37113,72,-4,46,367,928,40.565,4.0565,10.2
37114,72,-4,46,368,1074,40.565,4.0565,15.3
37115,72,-4,46,366,1334,40.565,4.0565,34.1
37121,72,-3,46,370,741,40.565,8.113,3.9
37122,72,-3,46,367,826,40.565,8.113,6
37123,72,-3,46,366,863,40.565,8.113,7.5
37124,72,-3,46,368,981,40.565,8.113,11.2
37125,72,-3,46,365,1126,40.565,8.113,25
37131,73,-3,46,372,703,40.565,12.1695,3.6
37132,73,-3,46,369,774,40.565,12.1695,5.5
37133,73,-3,46,369,804,40.565,12.1695,6.8
37134,73,-3,46,370,896,40.565,12.1695,10
37135,73,-3,46,367,996,40.565,12.1695,22.1
37141,73,-3,46,370,694,40.565,16.226,3
37142,73,-3,46,367,751,40.565,16.226,4.5
37143,73,-3,46,366,772,40.565,16.226,6.1
37144,73,-3,47,368,844,40.565,16.226,8.5
37145,73,-3,46,365,902,40.565,16.226,19
37151,73,-3,47,295,594,40.565,24.339,2.6
37152,73,-3,47,292,636,40.565,24.339,3.9
37153,73,-3,47,292,661,40.565,24.339,4.9
37154,73,-3,47,293,727,40.565,24.339,7.2
37155,73,-4,47,289,834,40.565,24.339,15.9
37161,72,-4,46,249,571,40.565,40.565,2
37162,72,-4,46,247,603,40.565,40.565,3
37163,72,-4,46,247,614,40.565,40.565,3.8
37164,72,-4,46,247,645,40.565,40.565,5.6
37165,72,-4,46,244,675,40.565,40.565,12.2
18111,78,-32,40,482,1144,11.76,1.176,11.7
18112,78,-32,40,479,1340,11.76,1.176,18.2
18113,78,-32,40,478,1438,11.76,1.176,23
18114,78,-32,40,479,1720,11.76,1.176,34.3
18115,78,-33,40,484,2254,11.76,1.176,76.1
18121,77,-33,40,479,1106,11.76,2.352,9.1
18122,77,-33,40,475,1237,11.76,2.352,14
18123,77,-33,40,475,1293,11.76,2.352,17.6
18124,77,-33,40,476,1461,11.76,2.352,26.1
18125,77,-32,40,479,1708,11.76,2.352,57.6
18131,77,-32,39,482,1037,11.76,3.528,7.2
18132,77,-32,39,478,1148,11.76,3.528,11.3
18133,77,-32,39,477,1195,11.76,3.528,14.4
18134,77,-32,39,479,1336,11.76,3.528,21.7
18135,77,-32,39,480,1502,11.76,3.528,48.8
18141,77,-32,40,478,1018,11.76,4.704,6.8
18142,77,-32,40,474,1108,11.76,4.704,10.1
18143,77,-32,39,473,1144,11.76,4.704,12.6
18144,78,-32,40,475,1264,11.76,4.704,18.7
18145,78,-32,40,475,1365,11.76,4.704,41.2
18151,79,-32,41,391,847,11.76,7.056,4.9
18152,78,-32,41,388,930,11.76,7.056,8
18153,78,-32,41,387,972,11.76,7.056,10.2
18154,79,-32,41,390,1074,11.76,7.056,15.2
18155,79,-33,41,388,1225,11.76,7.056,33.5
18161,78,-33,40,325,812,11.76,11.76,3.8
18162,77,-33,40,322,866,11.76,11.76,6
18163,78,-33,39,322,883,11.76,11.76,7.7
18164,78,-33,40,324,939,11.76,11.76,11.8
18165,78,-34,39,320,1002,11.76,11.76,26.8
28111,73,-11,44,400,886,31.24,3.124,7.1
28112,72,-11,44,397,1007,31.24,3.124,10.2
28113,72,-11,44,396,1062,31.24,3.124,12.6
28114,72,-11,44,398,1224,31.24,3.124,18.5
28115,72,-11,44,395,1518,31.24,3.124,39.9
28121,73,-11,44,399,841,31.24,6.248,5.7
28122,73,-11,44,396,939,31.24,6.248,8.1
28123,73,-11,44,396,979,31.24,6.248,9.8
28124,73,-11,44,397,1109,31.24,6.248,14.1
28125,73,-11,44,394,1277,31.24,6.248,30.4
28131,73,-11,45,402,795,31.24,9.372,4.4
28132,73,-11,45,399,881,31.24,9.372,6.3
28133,73,-11,44,398,919,31.24,9.372,7.8
28134,73,-11,45,400,1037,31.24,9.372,11.4
28135,73,-10,44,397,1186,31.24,9.372,25.1
28141,73,-11,44,399,780,31.24,12.496,3.9
28142,73,-11,44,396,842,31.24,12.496,5.6
28143,73,-11,44,395,865,31.24,12.496,6.9
28144,73,-11,44,397,945,31.24,12.496,10.1
28145,73,-10,44,394,1007,31.24,12.496,22.1
28151,75,-11,46,316,667,31.24,18.744,3
28152,75,-11,46,313,718,31.24,18.744,4.5
28153,75,-11,46,313,747,31.24,18.744,5.6
28154,74,-11,46,315,823,31.24,18.744,8.2
28155,74,-11,46,311,946,31.24,18.744,17.9
28161,74,-11,45,271,635,31.24,31.24,2.5
28162,74,-11,44,268,677,31.24,31.24,3.7
28163,73,-11,44,268,690,31.24,31.24,4.6
28164,73,-11,45,269,721,31.24,31.24,6.6
28165,73,-12,44,265,759,31.24,31.24,14.3
38111,72,-4,46,372,783,46.36,4.636,5.7
38112,72,-4,46,370,892,46.36,4.636,8.3
38113,72,-4,46,369,934,46.36,4.636,10.3
38114,71,-4,46,370,1081,46.36,4.636,15.1
38115,71,-5,46,367,1367,46.36,4.636,32.6
38121,72,-3,46,371,740,46.36,9.272,5.1
38122,72,-3,46,369,818,46.36,9.272,6.8
38123,72,-3,46,368,854,46.36,9.272,7.9
38124,72,-3,46,370,967,46.36,9.272,11.4
38125,72,-3,46,367,1110,46.36,9.272,24.1
38131,72,-3,46,374,703,46.36,13.908,3.5
38132,72,-3,46,371,776,46.36,13.908,5.1
38133,72,-3,46,370,806,46.36,13.908,6.3
38134,72,-3,46,372,899,46.36,13.908,9.2
38135,72,-3,46,369,1002,46.36,13.908,20.3
38141,72,-3,46,371,691,46.36,18.544,3.4
38142,72,-3,46,369,744,46.36,18.544,4.7
38143,72,-3,46,368,768,46.36,18.544,5.8
38144,72,-3,46,370,841,46.36,18.544,8.5
38145,72,-3,46,367,910,46.36,18.544,18.6
38151,73,-3,47,295,595,46.36,27.816,2.3
38152,73,-3,47,292,633,46.36,27.816,3.5
38153,73,-3,47,292,657,46.36,27.816,4.4
38154,73,-3,47,293,716,46.36,27.816,6.6
38155,73,-3,47,289,805,46.36,27.816,14.7
38161,72,-4,46,255,569,46.36,46.36,2
38162,72,-4,46,253,596,46.36,46.36,2.8
38163,72,-4,46,253,606,46.36,46.36,3.5
38164,72,-4,46,254,637,46.36,46.36,5.2
38165,72,-4,46,250,669,46.36,46.36,11.6
19111,77,-32,39,478,1125,13.23,1.323,10.6
19112,77,-33,39,474,1291,13.23,1.323,16.5
19113,77,-33,39,473,1375,13.23,1.323,20.9
19114,77,-33,39,475,1593,13.23,1.323,31.6
19115,77,-33,39,476,2000,13.23,1.323,70.8
19121,77,-33,39,478,1115,13.23,2.646,7.8
19122,77,-32,39,474,1264,13.23,2.646,12.1
19123,76,-32,39,473,1329,13.23,2.646,15.4
19124,76,-32,39,475,1529,13.23,2.646,23.4
19125,75,-33,39,475,1801,13.23,2.646,52.5
19131,78,-32,40,481,1036,13.23,3.969,6.7
19132,78,-32,39,478,1140,13.23,3.969,10.6
19133,78,-32,39,477,1185,13.23,3.969,13.5
19134,78,-32,39,478,1318,13.23,3.969,20.2
19135,78,-32,39,478,1457,13.23,3.969,44.4
19141,77,-32,40,477,1031,13.23,5.292,5.8
19142,77,-32,40,473,1131,13.23,5.292,9
19143,77,-32,40,472,1172,13.23,5.292,11.5
19144,77,-32,39,474,1301,13.23,5.292,17.4
19145,77,-32,39,473,1437,13.23,5.292,39
19151,78,-32,41,397,841,13.23,7.938,4.5
19152,78,-32,40,394,909,13.23,7.938,7.4
19153,78,-32,40,394,950,13.23,7.938,9.5
19154,78,-32,40,396,1048,13.23,7.938,14.6
19155,78,-33,40,395,1211,13.23,7.938,32.7
19161,77,-33,40,327,807,13.23,13.23,3.7
19162,77,-33,39,325,861,13.23,13.23,5.9
19163,77,-33,39,324,877,13.23,13.23,7.5
19164,78,-33,39,326,924,13.23,13.23,11.5
19165,78,-33,39,322,969,13.23,13.23,25.8
29111,73,-11,45,399,878,35.145,3.5145,5.8
29112,73,-11,44,396,1008,35.145,3.5145,9
29113,73,-11,44,395,1059,35.145,3.5145,11.4
29114,73,-11,45,397,1223,35.145,3.5145,17.5
29115,73,-11,45,393,1523,35.145,3.5145,38.5
29121,73,-11,45,398,849,35.145,7.029,4.5
29122,73,-11,44,395,954,35.145,7.029,6.3
29123,73,-11,44,395,1000,35.145,7.029,8.4
29124,73,-11,44,396,1138,35.145,7.029,12.7
29125,73,-10,44,393,1315,35.145,7.029,28.5
29131,74,-11,44,402,794,35.145,10.5435,3.8
29132,73,-11,44,399,870,35.145,10.5435,5.6
29133,73,-11,44,398,904,35.145,10.5435,6.9
29134,73,-11,44,399,1009,35.145,10.5435,10.4
29135,73,-11,44,396,1120,35.145,10.5435,23.5
29141,73,-11,44,398,780,35.145,14.058,3.6
29142,73,-11,44,395,842,35.145,14.058,5.2
29143,73,-11,44,394,865,35.145,14.058,6.4
29144,73,-11,44,396,946,35.145,14.058,9.5
29145,73,-11,44,392,1015,35.145,14.058,21.3
29151,75,-11,46,322,662,35.145,21.087,2.7
29152,75,-11,46,319,708,35.145,21.087,4.3
29153,75,-11,46,319,735,35.145,21.087,5.4
29154,75,-11,46,321,808,35.145,21.087,8
29155,75,-11,46,317,921,35.145,21.087,17.5
29161,74,-11,45,274,637,35.145,35.145,2.3
29162,74,-11,45,272,668,35.145,35.145,3.2
29163,74,-11,45,271,679,35.145,35.145,4
29164,73,-11,45,272,716,35.145,35.145,6
29165,73,-11,45,268,748,35.145,35.145,13.4
39111,72,-4,46,371,778,52.155,5.2155,4.7
39112,72,-4,46,368,883,52.155,5.2155,7.1
39113,72,-4,46,368,922,52.155,5.2155,8.8
39114,72,-4,46,369,1086,52.155,5.2155,13
39115,72,-4,46,366,1362,52.155,5.2155,29.8
39121,72,-3,46,370,750,52.155,10.431,4.1
39122,72,-3,46,368,836,52.155,10.431,5.8
39123,72,-3,46,367,876,52.155,10.431,7.1
39124,72,-3,46,368,998,52.155,10.431,10.4
39125,72,-3,46,365,1155,52.155,10.431,23
39131,72,-3,46,373,703,52.155,15.6465,3.4
39132,72,-3,46,370,770,52.155,15.6465,5.2
39133,72,-3,46,369,798,52.155,15.6465,6.4
39134,72,-3,46,371,884,52.155,15.6465,9.3
39135,72,-3,46,368,974,52.155,15.6465,20.1
39141,72,-3,46,370,695,52.155,20.862,2.9
39142,72,-3,46,368,748,52.155,20.862,4.4
39143,72,-3,46,367,769,52.155,20.862,5.4
39144,72,-3,46,368,839,52.155,20.862,7.8
39145,72,-3,46,365,894,52.155,20.862,17
39151,73,-4,47,299,590,52.155,31.293,2.2
39152,73,-4,47,296,630,52.155,31.293,3.3
39153,73,-4,47,296,655,52.155,31.293,4.2
39154,73,-4,47,297,716,52.155,31.293,6.3
39155,73,-4,47,293,810,52.155,31.293,14.2
39161,72,-4,46,252,570,52.155,52.155,1.8
39162,72,-4,46,250,600,52.155,52.155,2.7
39163,72,-4,46,249,610,52.155,52.155,3.4
39164,72,-4,46,250,638,52.155,52.155,5
39165,72,-4,46,246,668,52.155,52.155,10.9
1A111,76,-33,39,478,1131,14.7,1.47,9.9
1A112,76,-33,39,474,1303,14.7,1.47,15.4
1A113,76,-33,39,473,1383,14.7,1.47,19.5
1A114,76,-33,39,475,1627,14.7,1.47,29.2
1A115,76,-33,39,478,2016,14.7,1.47,64.9
1A121,76,-34,39,478,1110,14.7,2.94,8.6
1A122,76,-33,39,474,1252,14.7,2.94,12.7
1A123,76,-34,39,473,1318,14.7,2.94,15.7
1A124,76,-33,39,475,1518,14.7,2.94,23.1
1A125,77,-33,39,476,1794,14.7,2.94,50.6
1A131,77,-33,39,480,1029,14.7,4.41,6.7
1A132,77,-33,39,477,1129,14.7,4.41,10.1
1A133,77,-33,39,475,1174,14.7,4.41,12.6
1A134,77,-33,39,477,1311,14.7,4.41,18.8
1A135,77,-32,40,477,1465,14.7,4.41,41.5
1A141,76,-32,39,476,1025,14.7,5.88,6.5
1A142,76,-32,39,473,1118,14.7,5.88,9.2
1A143,76,-32,39,472,1153,14.7,5.88,11.2
1A144,76,-32,39,474,1268,14.7,5.88,16.7
1A145,76,-32,39,472,1361,14.7,5.88,36.5
1A151,78,-32,40,394,846,14.7,8.82,4.5
1A152,78,-32,40,391,921,14.7,8.82,7.1
1A153,78,-33,40,390,961,14.7,8.82,9
1A154,78,-32,40,393,1052,14.7,8.82,13.6
1A155,78,-32,40,390,1215,14.7,8.82,30.8
1A161,77,-33,40,329,807,14.7,14.7,3.6
1A162,77,-33,39,326,859,14.7,14.7,5.6
1A163,77,-34,39,326,874,14.7,14.7,7
1A164,77,-34,39,328,918,14.7,14.7,10.3
1A165,76,-34,39,324,966,14.7,14.7,22.7
2A111,73,-11,44,399,885,39.05,3.905,6.2
2A112,73,-11,44,396,1011,39.05,3.905,8.8
2A113,73,-11,44,395,1062,39.05,3.905,11.1
2A114,73,-11,44,397,1231,39.05,3.905,16.1
2A115,73,-11,44,394,1526,39.05,3.905,34.9
2A121,73,-11,44,398,846,39.05,7.81,5.3
2A122,73,-11,44,395,946,39.05,7.81,7.1
2A123,73,-11,44,394,988,39.05,7.81,8.6
2A124,73,-11,44,396,1117,39.05,7.81,12.4
2A125,73,-11,44,392,1269,39.05,7.81,26.6
2A131,73,-11,44,401,793,39.05,11.715,4.1
2A132,73,-11,44,398,872,39.05,11.715,5.9
2A133,73,-11,44,397,907,39.05,11.715,7.3
2A134,73,-11,44,399,1011,39.05,11.715,10.4
2A135,73,-11,44,396,1135,39.05,11.715,22.4
2A141,73,-11,45,398,778,39.05,15.62,3.7
2A142,73,-11,44,395,839,39.05,15.62,5.4
2A143,73,-11,44,394,864,39.05,15.62,6.5
2A144,73,-11,44,396,950,39.05,15.62,9.3
2A145,73,-11,44,392,1017,39.05,15.62,19.9
2A151,74,-11,46,323,664,39.05,23.43,2.7
2A152,74,-11,45,320,707,39.05,23.43,4.1
2A153,74,-11,45,320,735,39.05,23.43,5.1
2A154,74,-11,45,322,806,39.05,23.43,7.4
2A155,74,-11,45,317,915,39.05,23.43,16.5
2A161,73,-11,45,275,634,39.05,39.05,2.2
2A162,73,-11,45,273,666,39.05,39.05,3.3
2A163,73,-11,44,272,676,39.05,39.05,4
2A164,73,-11,44,273,715,39.05,39.05,5.8
2A165,73,-12,44,269,750,39.05,39.05,12.6
3A111,71,-4,46,370,773,57.95,5.795,5.6
3A112,71,-4,45,368,877,57.95,5.795,7.6
3A113,71,-4,45,367,918,57.95,5.795,9.2
3A114,71,-3,45,368,1087,57.95,5.795,13.4
3A115,71,-3,45,365,1375,57.95,5.795,29.2
3A121,71,-4,46,370,752,57.95,11.59,4.6
3A122,71,-4,46,368,840,57.95,11.59,6.1
3A123,71,-3,46,367,880,57.95,11.59,7.1
3A124,71,-3,46,368,1000,57.95,11.59,9.8
3A125,72,-3,46,365,1152,57.95,11.59,22
3A131,72,-4,46,373,698,57.95,17.385,3.4
3A132,72,-4,46,370,766,57.95,17.385,4.9
3A133,72,-4,46,369,795,57.95,17.385,6
3A134,72,-4,46,371,885,57.95,17.385,8.5
3A135,72,-4,46,368,987,57.95,17.385,18.1
3A141,72,-4,46,370,695,57.95,23.18,3.2
3A142,72,-4,46,367,750,57.95,23.18,4.6
3A143,72,-4,46,367,771,57.95,23.18,5.5
3A144,72,-4,46,368,846,57.95,23.18,7.9
3A145,72,-4,46,365,914,57.95,23.18,16.9
3A151,73,-4,47,297,595,57.95,34.77,2.3
3A152,73,-4,47,295,630,57.95,34.77,3.4
3A153,73,-4,47,294,653,57.95,34.77,4.2
3A154,73,-4,47,295,711,57.95,34.77,6.2
3A155,72,-4,47,291,804,57.95,34.77,13.6
3A161,72,-4,46,253,571,57.95,57.95,1.8
3A162,72,-4,46,250,599,57.95,57.95,2.6
3A163,72,-4,46,250,610,57.95,57.95,3.2
3A164,72,-4,46,251,640,57.95,57.95,4.7
3A165,72,-4,46,247,670,57.95,57.95,10.1
11221,78,-31,39,473,1418,1.4,0.28,26.2
11222,78,-32,39,470,1586,1.4,0.28,41.3
11223,78,-32,39,469,1657,1.4,0.28,52.7
11224,77,-32,39,472,1875,1.4,0.28,80.4
11225,77,-33,39,477,2302,1.4,0.28,181.9
11231,77,-32,39,470,1189,1.4,0.42,20
11232,76,-32,39,467,1293,1.4,0.42,31.9
11233,76,-32,39,466,1333,1.4,0.42,40.3
11234,76,-32,39,469,1489,1.4,0.42,61.1
11235,75,-31,39,474,1703,1.4,0.42,138.1
11241,78,-31,39,475,1003,1.4,0.56,16.4
11242,78,-31,38,471,1086,1.4,0.56,26.7
11243,77,-31,38,470,1115,1.4,0.56,34.2
11244,77,-31,38,472,1207,1.4,0.56,51.8
11245,77,-30,38,476,1322,1.4,0.56,116.5
11251,76,-32,38,469,843,1.4,0.84,14.7
11252,76,-32,38,466,915,1.4,0.84,23.3
11253,75,-32,38,465,946,1.4,0.84,29.7
11254,75,-32,38,467,1041,1.4,0.84,45.1
11255,74,-32,38,472,1180,1.4,0.84,101.8
11261,80,-32,42,334,802,1.4,1.4,11.8
11262,80,-32,42,332,840,1.4,1.4,18.8
11263,80,-32,42,331,850,1.4,1.4,23.9
11264,80,-32,42,335,949,1.4,1.4,35.9
11265,80,-33,42,330,1145,1.4,1.4,80
21221,73,-11,43,394,784,3.69,0.738,13.3
21222,73,-11,43,391,895,3.69,0.738,20.9
21223,73,-11,43,390,947,3.69,0.738,26.2
21224,73,-11,44,393,1101,3.69,0.738,39
21225,73,-12,44,390,1324,3.69,0.738,85.9
21231,72,-11,42,399,758,3.69,1.107,11
21232,72,-11,42,396,823,3.69,1.107,17.4
21233,72,-11,42,395,854,3.69,1.107,21.8
21234,72,-12,42,397,949,3.69,1.107,32.3
21235,72,-12,42,395,1153,3.69,1.107,70.9
21241,73,-11,43,395,753,3.69,1.476,9
21242,73,-11,43,392,818,3.69,1.476,14.7
21243,73,-11,43,391,844,3.69,1.476,18.8
21244,73,-11,43,393,928,3.69,1.476,28.5
21245,72,-11,42,390,1031,3.69,1.476,63.5
21251,73,-11,43,391,656,3.69,2.214,8.3
21252,73,-10,43,388,681,3.69,2.214,13.1
21253,73,-10,43,387,692,3.69,2.214,16.4
21254,72,-10,43,389,744,3.69,2.214,24.3
21255,72,-10,43,386,799,3.69,2.214,53.4
21261,75,-11,45,277,630,3.69,3.69,5.6
21262,75,-12,45,275,653,3.69,3.69,9.5
21263,75,-12,45,275,664,3.69,3.69,12.3
21264,75,-12,45,276,694,3.69,3.69,18.7
21265,75,-12,44,272,744,3.69,3.69,42.3
31221,72,-4,45,366,713,5.5,1.1,9.8
31222,72,-4,45,364,800,5.5,1.1,15.9
31223,72,-4,45,363,842,5.5,1.1,20.2
31224,72,-4,45,366,963,5.5,1.1,30.6
31225,72,-5,45,362,1127,5.5,1.1,68.5
31231,71,-4,45,370,683,5.5,1.65,9.3
31232,71,-4,45,367,757,5.5,1.65,14.1
31233,71,-4,45,366,792,5.5,1.65,17.5
31234,71,-4,45,368,897,5.5,1.65,26
31235,71,-4,44,367,1042,5.5,1.65,57
31241,71,-4,44,367,652,5.5,2.2,7.5
31242,71,-4,44,364,697,5.5,2.2,12.1
31243,71,-4,44,363,714,5.5,2.2,15.4
31244,71,-4,44,365,782,5.5,2.2,23.3
31245,72,-4,44,363,856,5.5,2.2,51.7
31251,72,-3,44,363,582,5.5,3.3,6.3
31252,72,-3,44,361,602,5.5,3.3,10.2
31253,72,-3,44,360,619,5.5,3.3,12.9
31254,72,-3,44,362,669,5.5,3.3,19.2
31255,71,-3,44,359,712,5.5,3.3,42.3
31261,73,-4,47,255,562,5.5,5.5,5.2
31262,73,-4,46,253,585,5.5,5.5,8.1
31263,73,-5,46,252,589,5.5,5.5,10.3
31264,73,-4,47,254,617,5.5,5.5,15.4
31265,74,-4,46,250,641,5.5,5.5,33.9
12221,77,-32,38,469,1077,2.8,0.56,15.7
12222,77,-32,38,465,1196,2.8,0.56,25.4
12223,77,-32,39,463,1248,2.8,0.56,32.4
12224,77,-32,39,467,1447,2.8,0.56,49.3
12225,77,-32,39,472,1724,2.8,0.56,111.2
12231,76,-32,37,477,1005,2.8,0.84,14.5
12232,77,-32,37,473,1110,2.8,0.84,22.9
12233,77,-32,37,472,1158,2.8,0.84,28.9
12234,77,-32,38,474,1301,2.8,0.84,43.1
12235,77,-32,39,478,1476,2.8,0.84,94.7
12241,76,-33,37,471,989,2.8,1.12,12.5
12242,76,-33,37,467,1067,2.8,1.12,19.6
12243,76,-33,37,466,1096,2.8,1.12,24.9
12244,76,-33,38,468,1201,2.8,1.12,37.5
12245,76,-33,37,470,1277,2.8,1.12,83.7
12251,76,-33,37,464,826,2.8,1.68,9.9
12252,76,-33,37,461,879,2.8,1.68,16
12253,76,-33,37,460,905,2.8,1.68,20.5
12254,76,-33,37,462,974,2.8,1.68,30.9
12255,76,-33,36,463,1074,2.8,1.68,68.8
12261,80,-33,41,328,815,2.8,2.8,7.8
12262,80,-33,41,325,854,2.8,2.8,12.3
12263,80,-33,41,324,861,2.8,2.8,15.6
12264,80,-33,41,326,902,2.8,2.8,24.1
12265,79,-33,41,322,992,2.8,2.8,55.1
22221,73,-12,43,391,792,7.38,1.476,9.2
22222,73,-12,43,388,882,7.38,1.476,14.5
22223,73,-11,43,388,927,7.38,1.476,18.2
22224,73,-12,43,389,1051,7.38,1.476,27.3
22225,74,-12,43,386,1208,7.38,1.476,60.5
22231,72,-11,43,396,776,7.38,2.214,7.5
22232,72,-11,43,393,857,7.38,2.214,11.7
22233,72,-12,43,392,894,7.38,2.214,14.8
22234,72,-11,43,394,1007,7.38,2.214,22.4
22235,72,-11,43,392,1155,7.38,2.214,50.2
22241,72,-12,43,392,750,7.38,2.952,6.8
22242,72,-12,42,389,807,7.38,2.952,10.6
22243,72,-12,42,389,831,7.38,2.952,13.5
22244,72,-12,42,390,919,7.38,2.952,20.3
22245,72,-12,43,388,1018,7.38,2.952,45.3
22251,73,-11,43,388,651,7.38,4.428,6.1
22252,73,-11,43,385,675,7.38,4.428,9.4
22253,73,-11,43,385,693,7.38,4.428,11.5
22254,72,-11,43,386,760,7.38,4.428,17.1
22255,72,-12,42,383,836,7.38,4.428,37.9
22261,75,-11,45,270,639,7.38,7.38,4.6
22262,75,-11,45,268,673,7.38,7.38,7.1
22263,75,-11,45,268,683,7.38,7.38,8.9
22264,75,-11,45,269,719,7.38,7.38,13.2
22265,75,-11,45,265,763,7.38,7.38,29
32221,72,-4,45,364,700,11,2.2,7.9
32222,72,-4,45,361,797,11,2.2,12.1
32223,72,-4,45,361,841,11,2.2,15.1
32224,72,-4,44,362,969,11,2.2,22.1
32225,72,-4,44,360,1163,11,2.2,48.3
32231,71,-4,44,368,679,11,3.3,6.2
32232,71,-4,44,365,736,11,3.3,9.7
32233,71,-4,44,364,761,11,3.3,12.2
32234,71,-4,44,365,853,11,3.3,18.4
32235,71,-4,44,363,970,11,3.3,41.1
32241,71,-4,44,364,662,11,4.4,5.2
32242,71,-4,44,362,708,11,4.4,8.1
32243,71,-4,44,361,725,11,4.4,10.3
32244,71,-4,44,363,789,11,4.4,15.6
32245,71,-5,44,360,820,11,4.4,35
32251,71,-4,44,361,586,11,6.6,4.8
32252,71,-4,44,359,602,11,6.6,7.4
32253,71,-4,44,358,610,11,6.6,9.3
32254,71,-4,44,360,662,11,6.6,13.8
32255,71,-4,44,357,719,11,6.6,30.9
32261,73,-4,46,251,569,11,11,3.8
32262,73,-5,46,249,595,11,11,5.7
32263,73,-5,46,248,599,11,11,7.1
32264,74,-5,46,249,622,11,11,10.6
32265,74,-5,46,246,694,11,11,23.4
13221,76,-33,38,473,1080,4.2,0.84,13.4
13222,76,-33,38,470,1210,4.2,0.84,21
13223,76,-33,38,469,1267,4.2,0.84,26.4
13224,76,-33,38,471,1439,4.2,0.84,39.1
13225,76,-34,39,476,1652,4.2,0.84,86
13231,76,-32,37,479,997,4.2,1.26,11.6
13232,76,-32,37,476,1103,4.2,1.26,18.2
13233,76,-32,36,475,1145,4.2,1.26,22.8
13234,76,-32,36,477,1265,4.2,1.26,33.7
13235,76,-32,36,481,1446,4.2,1.26,73.8
13241,76,-33,37,474,968,4.2,1.68,9.8
13242,76,-33,37,471,1044,4.2,1.68,15.7
13243,77,-33,37,470,1077,4.2,1.68,19.9
13244,77,-33,38,472,1190,4.2,1.68,29.8
13245,77,-32,37,474,1300,4.2,1.68,66.5
13251,76,-33,37,465,829,4.2,2.52,8.6
13252,76,-33,37,462,882,4.2,2.52,13.4
13253,76,-33,37,461,907,4.2,2.52,17.1
13254,76,-33,37,463,981,4.2,2.52,25.7
13255,76,-32,37,463,1064,4.2,2.52,57.5
13261,79,-32,41,333,817,4.2,4.2,6.3
13262,79,-32,41,330,861,4.2,4.2,10
13263,79,-33,41,329,871,4.2,4.2,12.8
13264,79,-33,41,333,912,4.2,4.2,19.5
13265,79,-33,41,329,1043,4.2,4.2,44.1
23221,73,-12,43,395,781,11.07,2.214,7.8
23222,73,-12,42,392,884,11.07,2.214,11.7
23223,73,-12,42,391,929,11.07,2.214,14.6
23224,73,-12,42,393,1063,11.07,2.214,21.4
23225,73,-12,41,391,1255,11.07,2.214,46.9
23231,72,-11,43,399,778,11.07,3.321,6.2
23232,72,-11,42,397,852,11.07,3.321,9.5
23233,72,-11,42,396,885,11.07,3.321,11.9
23234,72,-11,42,398,987,11.07,3.321,18
23235,72,-11,42,396,1100,11.07,3.321,40.2
23241,73,-12,42,395,753,11.07,4.428,5.2
23242,72,-12,42,392,807,11.07,4.428,8.4
23243,72,-11,42,392,828,11.07,4.428,10.7
23244,72,-11,42,394,904,11.07,4.428,16.1
23245,72,-11,42,390,962,11.07,4.428,35.9
23251,72,-12,42,390,652,11.07,6.642,4.5
23252,73,-12,42,387,675,11.07,6.642,7.1
23253,73,-12,42,387,692,11.07,6.642,8.9
23254,73,-12,42,389,741,11.07,6.642,13.2
23255,73,-12,43,385,776,11.07,6.642,28.8
23261,75,-12,45,274,637,11.07,11.07,3.6
23262,75,-12,45,272,666,11.07,11.07,5.7
23263,75,-12,45,272,680,11.07,11.07,7.1
23264,75,-12,45,273,717,11.07,11.07,10.5
23265,75,-12,45,269,757,11.07,11.07,22.9
33221,71,-4,44,366,691,16.5,3.3,6.2
33222,71,-4,44,364,775,16.5,3.3,9.5
33223,71,-4,44,363,814,16.5,3.3,12
33224,71,-4,44,365,936,16.5,3.3,18
33225,71,-4,44,362,1110,16.5,3.3,40.3
33231,71,-4,44,371,684,16.5,4.95,4.8
33232,71,-4,44,368,747,16.5,4.95,7.7
33233,71,-4,44,367,776,16.5,4.95,9.7
33234,71,-4,44,369,867,16.5,4.95,14.4
33235,71,-4,44,366,963,16.5,4.95,31.5
33241,71,-4,44,367,655,16.5,6.6,4.5
33242,71,-4,44,365,701,16.5,6.6,6.9
33243,71,-5,44,364,719,16.5,6.6,8.7
33244,71,-4,44,366,790,16.5,6.6,13.1
33245,71,-4,44,364,854,16.5,6.6,29.1
33251,71,-4,44,362,576,16.5,9.9,4.1
33252,71,-4,44,360,599,16.5,9.9,5.9
33253,71,-4,44,359,615,16.5,9.9,7.3
33254,71,-4,44,361,664,16.5,9.9,10.5
33255,71,-4,44,357,701,16.5,9.9,22.9
33261,73,-4,46,256,574,16.5,16.5,3
33262,73,-5,46,253,603,16.5,16.5,4.6
33263,73,-5,46,253,612,16.5,16.5,5.7
33264,73,-5,46,254,648,16.5,16.5,8.6
33265,73,-5,46,250,673,16.5,16.5,19.2
14221,77,-34,37,470,1069,5.6,1.12,12
14222,77,-34,37,466,1196,5.6,1.12,18.4
14223,77,-34,37,465,1247,5.6,1.12,23.1
14224,77,-34,37,467,1410,5.6,1.12,34.3
14225,77,-33,37,469,1637,5.6,1.12,74.8
14231,76,-33,38,476,1010,5.6,1.68,9.7
14232,76,-33,38,473,1115,5.6,1.68,15.3
14233,76,-33,38,471,1160,5.6,1.68,19.4
14234,76,-33,38,473,1294,5.6,1.68,29.4
14235,76,-33,38,475,1456,5.6,1.68,65.6
14241,76,-33,38,470,974,5.6,2.24,8.9
14242,76,-33,38,467,1055,5.6,2.24,13.9
14243,76,-33,38,466,1086,5.6,2.24,17.5
14244,76,-33,38,467,1196,5.6,2.24,26.1
14245,76,-33,38,469,1300,5.6,2.24,57.8
14251,76,-34,37,463,833,5.6,3.36,7
14252,76,-34,37,460,869,5.6,3.36,11.2
14253,76,-34,37,459,894,5.6,3.36,14.3
14254,76,-34,37,461,958,5.6,3.36,22
14255,76,-34,37,459,1014,5.6,3.36,49.9
14261,79,-32,40,325,815,5.6,5.6,5.7
14262,79,-32,40,322,859,5.6,5.6,9.2
14263,79,-33,40,322,875,5.6,5.6,11.7
14264,79,-33,40,324,938,5.6,5.6,17.5
14265,79,-33,40,320,991,5.6,5.6,39.3
24221,73,-12,43,393,798,14.76,2.952,6.9
24222,73,-12,43,390,905,14.76,2.952,10.5
24223,72,-12,43,389,955,14.76,2.952,13.1
24224,72,-12,43,390,1103,14.76,2.952,19.3
24225,73,-11,42,388,1312,14.76,2.952,42.3
24231,72,-12,42,397,774,14.76,4.428,5.6
24232,72,-12,42,394,855,14.76,4.428,8.5
24233,72,-12,42,393,892,14.76,4.428,10.7
24234,72,-12,42,394,1001,14.76,4.428,15.8
24235,72,-12,42,391,1140,14.76,4.428,34.6
24241,72,-12,42,393,744,14.76,5.904,4.9
24242,72,-12,42,390,793,14.76,5.904,7.1
24243,72,-12,42,389,812,14.76,5.904,9.1
24244,72,-12,42,391,888,14.76,5.904,13.5
24245,73,-12,42,388,928,14.76,5.904,29.6
24251,72,-12,42,388,656,14.76,8.856,4.4
24252,72,-12,42,386,679,14.76,8.856,6.5
24253,72,-12,42,385,685,14.76,8.856,8
24254,73,-12,42,387,740,14.76,8.856,11.9
24255,73,-12,42,383,793,14.76,8.856,26.1
24261,75,-12,45,270,646,14.76,14.76,3.3
24262,75,-12,45,268,681,14.76,14.76,5.1
24263,75,-12,45,267,689,14.76,14.76,6.4
24264,75,-12,45,268,724,14.76,14.76,9.5
24265,75,-12,45,264,754,14.76,14.76,21
34221,71,-4,44,365,702,22,4.4,5.4
34222,71,-4,44,362,795,22,4.4,8.2
34223,71,-4,44,361,836,22,4.4,10.3
34224,71,-5,44,363,960,22,4.4,15.6
34225,71,-5,44,360,1131,22,4.4,35
34231,71,-4,44,369,685,22,6.6,4.5
34232,71,-4,44,366,751,22,6.6,7
34233,71,-4,44,365,781,22,6.6,8.7
34234,71,-4,44,366,874,22,6.6,12.8
34235,70,-4,44,363,987,22,6.6,28.1
34241,71,-4,44,365,662,22,8.8,4.1
34242,71,-4,44,363,709,22,8.8,6.1
34243,71,-4,44,362,725,22,8.8,7.6
34244,71,-4,44,364,795,22,8.8,11.3
34245,71,-4,43,361,854,22,8.8,24.8
34251,71,-4,44,361,582,22,13.2,3.6
34252,71,-4,44,359,599,22,13.2,5.2
34253,71,-4,44,358,617,22,13.2,6.4
34254,71,-4,44,360,666,22,13.2,9.4
34255,71,-4,44,356,709,22,13.2,20.5
34261,73,-4,47,251,574,22,22,2.6
34262,73,-5,46,248,599,22,22,4
34263,73,-5,46,248,604,22,22,5
34264,73,-5,46,249,631,22,22,7.3
34265,73,-5,46,245,684,22,22,16.1
15221,76,-34,38,469,1066,7,1.4,10.4
15222,76,-34,38,466,1200,7,1.4,16
15223,76,-34,38,465,1257,7,1.4,20.1
15224,76,-34,38,466,1433,7,1.4,29.9
15225,75,-34,38,468,1647,7,1.4,66.5
15231,76,-33,37,476,998,7,2.1,8.7
15232,76,-33,37,472,1098,7,2.1,13.8
15233,76,-33,37,471,1144,7,2.1,17.4
15234,76,-33,37,472,1294,7,2.1,26.2
15235,77,-33,36,474,1480,7,2.1,58.3
15241,76,-34,37,470,983,7,2.8,7.6
15242,76,-34,37,466,1069,7,2.8,12.3
15243,76,-34,37,465,1103,7,2.8,15.6
15244,77,-34,37,467,1227,7,2.8,23.5
15245,75,-34,37,467,1358,7,2.8,52.5
15251,75,-34,37,463,839,7,4.2,7
15252,75,-34,37,460,883,7,4.2,10.6
15253,75,-34,37,459,911,7,4.2,13.3
15254,75,-34,37,461,983,7,4.2,19.7
15255,76,-34,37,461,1051,7,4.2,43.3
15261,78,-33,40,327,815,7,7,5.3
15262,78,-33,40,324,855,7,7,8.2
15263,78,-33,39,323,867,7,7,10.3
15264,78,-33,40,326,911,7,7,15.6
15265,78,-33,39,322,1056,7,7,34.9
25221,72,-12,43,392,794,18.45,3.69,5.9
25222,72,-12,43,389,901,18.45,3.69,8.8
25223,72,-12,43,388,951,18.45,3.69,11
25224,72,-12,43,390,1094,18.45,3.69,16.5
25225,72,-12,43,386,1304,18.45,3.69,36.9
25231,72,-12,42,397,765,18.45,5.535,4.8
25232,72,-12,42,394,838,18.45,5.535,7.4
25233,72,-12,42,393,869,18.45,5.535,9.4
25234,72,-12,42,395,962,18.45,5.535,14
25235,72,-12,41,392,1056,18.45,5.535,31.4
25241,72,-12,42,393,748,18.45,7.38,4.5
25242,72,-12,42,390,799,18.45,7.38,6.6
25243,72,-12,42,389,819,18.45,7.38,8.1
25244,72,-12,42,391,900,18.45,7.38,12.2
25245,71,-12,42,387,964,18.45,7.38,26.9
25251,72,-12,42,388,652,18.45,11.07,4.1
25252,72,-12,42,386,675,18.45,11.07,5.8
25253,72,-12,42,385,694,18.45,11.07,7.1
25254,72,-12,42,387,746,18.45,11.07,10.3
25255,72,-12,42,384,792,18.45,11.07,22.3
25261,74,-12,45,271,638,18.45,18.45,2.8
25262,74,-12,45,268,668,18.45,18.45,4.1
25263,74,-12,44,268,679,18.45,18.45,5.1
25264,74,-12,45,269,716,18.45,18.45,7.9
25265,74,-12,45,265,750,18.45,18.45,18
35221,71,-5,44,364,707,27.5,5.5,5.3
35222,71,-5,44,361,779,27.5,5.5,7.7
35223,71,-5,44,360,816,27.5,5.5,9.6
35224,71,-5,44,362,930,27.5,5.5,14.2
35225,72,-5,44,358,1084,27.5,5.5,31
35231,70,-5,44,368,680,27.5,8.25,3.9
35232,70,-5,43,365,739,27.5,8.25,6
35233,70,-5,43,364,765,27.5,8.25,7.4
35234,70,-5,43,366,850,27.5,8.25,11.2
35235,70,-5,43,362,936,27.5,8.25,25
35241,71,-5,44,365,662,27.5,11,3.7
35242,71,-5,44,363,708,27.5,11,5.5
35243,71,-5,43,362,725,27.5,11,6.8
35244,70,-5,44,363,795,27.5,11,10.1
35245,70,-5,43,360,842,27.5,11,22.3
35251,71,-4,44,361,584,27.5,16.5,3.4
35252,71,-4,44,358,605,27.5,16.5,4.8
35253,71,-4,44,358,614,27.5,16.5,5.9
35254,71,-4,44,359,659,27.5,16.5,8.6
35255,71,-4,44,356,692,27.5,16.5,18.6
35261,73,-5,46,251,573,27.5,27.5,2.5
35262,73,-5,46,249,600,27.5,27.5,3.7
35263,73,-5,46,249,606,27.5,27.5,4.6
35264,73,-5,46,250,632,27.5,27.5,6.8
35265,73,-5,46,245,688,27.5,27.5,14.9
16221,76,-34,37,469,1078,8.4,1.68,9.1
16222,76,-34,37,465,1216,8.4,1.68,13.5
16223,76,-34,37,464,1277,8.4,1.68,18
16224,76,-34,38,466,1458,8.4,1.68,27.2
16225,77,-34,37,467,1693,8.4,1.68,61.2
16231,76,-34,37,476,992,8.4,2.52,8.1
16232,75,-34,37,472,1096,8.4,2.52,12.6
16233,75,-34,37,471,1138,8.4,2.52,15.8
16234,75,-34,37,473,1263,8.4,2.52,23.7
16235,75,-34,37,473,1387,8.4,2.52,52.3
16241,75,-34,37,469,973,8.4,3.36,7.5
16242,75,-34,37,466,1053,8.4,3.36,11.3
16243,75,-34,36,465,1084,8.4,3.36,14.1
16244,75,-34,37,466,1194,8.4,3.36,20.7
16245,75,-35,36,466,1293,8.4,3.36,45.3
16251,75,-34,36,463,835,8.4,5.04,5.7
16252,75,-34,36,459,878,8.4,5.04,8.8
16253,75,-34,36,459,904,8.4,5.04,11.2
16254,75,-34,36,461,980,8.4,5.04,17.3
16255,75,-34,36,459,1054,8.4,5.04,39
16261,78,-34,40,327,816,8.4,8.4,4.3
16262,78,-34,40,324,855,8.4,8.4,7
16263,78,-34,40,323,869,8.4,8.4,8.9
16264,78,-34,40,325,915,8.4,8.4,13.8
16265,78,-34,40,322,989,8.4,8.4,31.2
26221,72,-12,42,392,794,22.14,4.428,6.1
26222,72,-12,42,389,901,22.14,4.428,8.9
26223,72,-12,42,388,950,22.14,4.428,11
26224,72,-12,42,390,1092,22.14,4.428,15.9
26225,72,-12,42,386,1289,22.14,4.428,34
26231,71,-13,42,397,766,22.14,6.642,4.6
26232,71,-13,42,394,837,22.14,6.642,6.9
26233,71,-13,42,393,870,22.14,6.642,8.6
26234,71,-13,42,395,967,22.14,6.642,13.2
26235,71,-13,42,392,1074,22.14,6.642,29.3
26241,72,-12,42,393,747,22.14,8.856,4.5
26242,72,-12,42,390,801,22.14,8.856,6.6
26243,72,-12,42,389,823,22.14,8.856,8.1
26244,72,-12,42,391,900,22.14,8.856,11.7
26245,71,-12,42,387,957,22.14,8.856,25.3
26251,72,-12,42,388,655,22.14,13.284,3.7
26252,72,-12,42,386,677,22.14,13.284,5.3
26253,72,-12,42,385,682,22.14,13.284,6.6
26254,72,-12,42,387,732,22.14,13.284,9.6
26255,72,-12,42,383,788,22.14,13.284,20.9
26261,74,-12,45,270,636,22.14,22.14,2.6
26262,74,-13,44,268,665,22.14,22.14,3.9
26263,74,-13,44,267,676,22.14,22.14,4.9
26264,74,-12,44,268,713,22.14,22.14,7.3
26265,74,-13,44,264,741,22.14,22.14,16
36221,71,-5,44,364,707,33,6.6,4.2
36222,71,-5,44,361,803,33,6.6,7.2
36223,71,-5,44,361,848,33,6.6,9
36224,71,-5,44,362,979,33,6.6,13.2
36225,71,-4,44,359,1167,33,6.6,28.9
36231,70,-5,44,368,682,33,9.9,4.2
36232,70,-5,43,366,746,33,9.9,6.2
36233,70,-5,43,365,773,33,9.9,7.5
36234,70,-5,43,366,857,33,9.9,10.8
36235,70,-5,43,363,943,33,9.9,23.2
36241,70,-4,44,365,661,33,13.2,3.5
36242,70,-4,43,362,707,33,13.2,5
36243,70,-4,43,361,726,33,13.2,6.1
36244,70,-5,44,363,801,33,13.2,9.1
36245,70,-5,44,360,865,33,13.2,20.1
36251,71,-4,44,361,579,33,19.8,3.3
36252,71,-4,44,358,597,33,19.8,4.6
36253,71,-4,44,358,614,33,19.8,5.6
36254,71,-4,44,359,662,33,19.8,8
36255,71,-4,43,356,700,33,19.8,17.3
36261,73,-5,46,252,574,33,33,2.2
36262,73,-5,46,250,601,33,33,3.4
36263,73,-5,46,250,608,33,33,4.2
36264,73,-5,46,251,637,33,33,6.2
36265,73,-5,46,247,676,33,33,13.7
17221,77,-33,38,470,1090,9.8,1.96,9.4
17222,77,-33,38,466,1227,9.8,1.96,15.1
17223,77,-33,39,465,1284,9.8,1.96,19
17224,77,-33,39,467,1467,9.8,1.96,28.2
17225,77,-33,38,467,1694,9.8,1.96,62
17231,76,-33,37,476,1010,9.8,2.94,7.4
17232,76,-33,37,472,1112,9.8,2.94,11.5
17233,76,-33,37,471,1159,9.8,2.94,14.7
17234,76,-33,37,473,1305,9.8,2.94,21.6
17235,77,-33,37,473,1481,9.8,2.94,47.7
17241,77,-33,37,470,979,9.8,3.92,6.7
17242,76,-33,37,467,1055,9.8,3.92,10.6
17243,76,-33,37,466,1082,9.8,3.92,13.4
17244,76,-33,37,468,1179,9.8,3.92,20.1
17245,75,-33,37,466,1244,9.8,3.92,44.7
17251,76,-34,37,463,839,9.8,5.88,5.9
17252,76,-34,37,460,895,9.8,5.88,9
17253,76,-34,37,459,924,9.8,5.88,11.3
17254,76,-34,37,461,1003,9.8,5.88,16.5
17255,75,-34,37,459,1079,9.8,5.88,36.7
17261,79,-33,40,329,814,9.8,9.8,4.2
17262,79,-33,39,326,852,9.8,9.8,6.7
17263,79,-33,39,325,868,9.8,9.8,8.7
17264,79,-33,39,327,916,9.8,9.8,13.2
17265,79,-33,39,323,1036,9.8,9.8,29.7
27221,73,-12,42,392,796,25.83,5.166,5.4
27222,73,-12,42,389,905,25.83,5.166,8.1
27223,73,-12,42,389,957,25.83,5.166,10.2
27224,73,-12,42,390,1110,25.83,5.166,15.1
27225,73,-11,42,386,1338,25.83,5.166,32.5
27231,72,-12,42,396,776,25.83,7.749,3.7
27232,72,-12,42,393,847,25.83,7.749,5.9
27233,72,-12,42,392,877,25.83,7.749,7.6
27234,72,-12,42,394,978,25.83,7.749,11.7
27235,72,-12,42,391,1099,25.83,7.749,26.4
27241,72,-12,42,393,748,25.83,10.332,3.9
27242,72,-12,42,390,802,25.83,10.332,5.9
27243,72,-12,42,389,825,25.83,10.332,7.3
27244,72,-12,42,391,907,25.83,10.332,10.8
27245,72,-12,42,387,967,25.83,10.332,23.3
27251,72,-12,43,389,655,25.83,15.498,3.6
27252,72,-12,42,386,674,25.83,15.498,5.1
27253,72,-12,42,385,693,25.83,15.498,6.2
27254,72,-12,43,387,752,25.83,15.498,8.9
27255,72,-12,43,384,812,25.83,15.498,19.2
27261,75,-12,45,270,643,25.83,25.83,2.5
27262,74,-12,45,267,673,25.83,25.83,3.8
27263,74,-12,45,267,689,25.83,25.83,4.8
27264,74,-12,45,268,730,25.83,25.83,6.9
27265,74,-12,44,264,756,25.83,25.83,15.2
37221,72,-5,44,365,703,38.5,7.7,4.4
37222,72,-5,44,362,787,38.5,7.7,6.4
37223,72,-5,44,361,824,38.5,7.7,8
37224,72,-5,44,363,938,38.5,7.7,11.9
37225,72,-5,44,360,1086,38.5,7.7,26.3
37231,71,-5,44,369,685,38.5,11.55,3.5
37232,71,-5,44,366,750,38.5,11.55,5.2
37233,71,-5,44,365,779,38.5,11.55,6.5
37234,71,-5,44,367,866,38.5,11.55,9.7
37235,71,-5,44,363,966,38.5,11.55,21.7
37241,71,-4,44,365,662,38.5,15.4,3.4
37242,71,-4,44,363,707,38.5,15.4,4.8
37243,71,-4,44,362,725,38.5,15.4,5.9
37244,71,-4,44,363,791,38.5,15.4,8.7
37245,71,-4,44,360,842,38.5,15.4,19.1
37251,71,-4,44,362,579,38.5,23.1,3.2
37252,71,-4,44,359,598,38.5,23.1,4.4
37253,71,-4,44,358,605,38.5,23.1,5.2
37254,71,-4,44,360,645,38.5,23.1,7.4
37255,71,-4,44,356,690,38.5,23.1,15.7
37261,73,-4,46,250,570,38.5,38.5,2.1
37262,73,-5,46,248,596,38.5,38.5,3.2
37263,73,-5,46,248,600,38.5,38.5,4
37264,73,-5,46,248,628,38.5,38.5,6
37265,73,-5,46,244,676,38.5,38.5,13.2
18221,77,-34,38,470,1080,11.2,2.24,8.7
18222,77,-33,38,465,1203,11.2,2.24,13.7
18223,77,-34,38,464,1252,11.2,2.24,17.3
18224,77,-34,38,465,1407,11.2,2.24,25.5
18225,76,-34,37,465,1676,11.2,2.24,56.1
18231,76,-33,38,476,1003,11.2,3.36,6.8
18232,76,-33,37,472,1105,11.2,3.36,10.8
18233,76,-33,37,471,1153,11.2,3.36,13.8
18234,76,-33,37,472,1302,11.2,3.36,21
18235,76,-34,37,471,1489,11.2,3.36,46.9
18241,77,-33,37,470,975,11.2,4.48,6.4
18242,77,-33,37,466,1051,11.2,4.48,9.7
18243,77,-33,37,465,1080,11.2,4.48,12.2
18244,77,-34,37,467,1191,11.2,4.48,18.2
18245,77,-34,37,464,1272,11.2,4.48,40
18251,76,-33,37,463,831,11.2,6.72,5.9
18252,76,-33,36,460,898,11.2,6.72,8.8
18253,76,-33,37,459,922,11.2,6.72,10.9
18254,76,-33,37,461,992,11.2,6.72,16
18255,76,-33,36,457,1069,11.2,6.72,34.8
18261,79,-33,40,328,820,11.2,11.2,4.1
18262,79,-33,40,325,859,11.2,11.2,6.3
18263,79,-33,40,325,873,11.2,11.2,8
18264,79,-33,40,327,924,11.2,11.2,12
18265,79,-33,40,323,1020,11.2,11.2,26.8
28221,72,-12,42,392,796,29.52,5.904,4.7
28222,72,-12,42,389,901,29.52,5.904,7
28223,72,-12,42,388,945,29.52,5.904,8.8
28224,72,-12,42,390,1079,29.52,5.904,13.2
28225,72,-12,43,387,1259,29.52,5.904,29.9
28231,72,-12,42,397,773,29.52,8.856,3.9
28232,72,-12,42,394,849,29.52,8.856,5.9
28233,72,-12,42,393,882,29.52,8.856,7.3
28234,72,-12,42,395,985,29.52,8.856,10.9
28235,72,-12,42,391,1100,29.52,8.856,24.3
28241,72,-12,42,393,751,29.52,11.808,3.5
28242,72,-12,42,390,803,29.52,11.808,5.2
28243,72,-12,42,389,823,29.52,11.808,6.5
28244,72,-12,42,391,901,29.52,11.808,9.8
28245,72,-12,42,387,957,29.52,11.808,21.8
28251,72,-12,42,389,651,29.52,17.712,3.6
28252,72,-11,42,386,676,29.52,17.712,5
28253,72,-11,42,385,697,29.52,17.712,6
28254,72,-11,42,387,754,29.52,17.712,8.7
28255,72,-11,42,383,814,29.52,17.712,18.5
28261,75,-12,45,270,639,29.52,29.52,2.3
28262,74,-12,44,268,668,29.52,29.52,3.4
28263,75,-12,44,267,678,29.52,29.52,4.2
28264,75,-12,44,268,721,29.52,29.52,6.4
28265,74,-12,44,264,754,29.52,29.52,14.3
38221,71,-5,44,365,703,44,8.8,3.9
38222,71,-5,44,362,796,44,8.8,6.1
38223,71,-5,44,361,838,44,8.8,7.5
38224,71,-5,44,362,965,44,8.8,10.9
38225,71,-5,43,359,1142,44,8.8,23.9
38231,70,-5,43,369,678,44,13.2,3.3
38232,70,-5,43,366,739,44,13.2,5.2
38233,70,-5,43,365,766,44,13.2,6.5
38234,70,-4,43,366,853,44,13.2,9.5
38235,70,-5,43,363,950,44,13.2,20.9
38241,71,-4,43,365,666,44,17.6,3.2
38242,71,-4,43,362,711,44,17.6,4.7
38243,71,-4,43,361,730,44,17.6,5.7
38244,71,-4,43,363,794,44,17.6,8.3
38245,71,-4,43,359,842,44,17.6,18
38251,71,-4,44,361,580,44,26.4,3.1
38252,71,-4,44,359,597,44,26.4,4.3
38253,71,-4,44,358,610,44,26.4,5.1
38254,71,-4,44,360,657,44,26.4,7.2
38255,71,-4,44,356,694,44,26.4,15.1
38261,73,-5,46,251,571,44,44,2
38262,73,-5,46,248,599,44,44,2.9
38263,73,-5,46,248,607,44,44,3.6
38264,73,-5,46,249,642,44,44,5.3
38265,73,-5,46,245,672,44,44,11.7
19221,76,-33,37,475,1071,12.6,2.52,7.7
19222,76,-33,37,471,1192,12.6,2.52,11.9
19223,76,-33,37,470,1243,12.6,2.52,15
19224,76,-33,38,472,1396,12.6,2.52,23
19225,76,-34,37,473,1579,12.6,2.52,52.2
19231,76,-33,37,480,1002,12.6,3.78,6.9
19232,76,-33,37,477,1107,12.6,3.78,10.2
19233,76,-33,37,475,1152,12.6,3.78,13.2
19234,76,-33,37,478,1289,12.6,3.78,19.5
19235,76,-33,36,478,1438,12.6,3.78,43
19241,76,-34,37,475,972,12.6,5.04,6.1
19242,76,-34,37,471,1046,12.6,5.04,9.2
19243,76,-34,37,470,1072,12.6,5.04,11.5
19244,76,-34,37,472,1176,12.6,5.04,17.1
19245,76,-33,37,471,1258,12.6,5.04,37.7
19251,75,-34,36,467,842,12.6,7.56,5.3
19252,75,-34,36,463,916,12.6,7.56,7.9
19253,75,-34,36,462,943,12.6,7.56,9.9
19254,75,-34,36,464,1012,12.6,7.56,14.6
19255,75,-33,36,461,1068,12.6,7.56,32.4
19261,79,-33,40,336,810,12.6,12.6,3.7
19262,78,-34,39,332,849,12.6,12.6,5.8
19263,79,-34,39,332,867,12.6,12.6,7.4
19264,79,-34,39,335,913,12.6,12.6,11.3
19265,79,-34,39,331,979,12.6,12.6,25.6
29221,72,-12,42,396,804,33.21,6.642,4.8
29222,72,-12,42,393,914,33.21,6.642,7
29223,72,-12,42,392,961,33.21,6.642,8.7
29224,72,-12,42,394,1107,33.21,6.642,12.8
29225,72,-12,42,392,1305,33.21,6.642,28.4
29231,71,-12,42,400,772,33.21,9.963,3.8
29232,71,-12,42,397,842,33.21,9.963,5.7
29233,71,-12,42,397,872,33.21,9.963,7.1
29234,72,-12,42,399,965,33.21,9.963,10.7
29235,72,-12,41,396,1057,33.21,9.963,23.6
29241,72,-12,42,396,751,33.21,13.284,3.9
29242,72,-12,42,393,806,33.21,13.284,5.6
29243,72,-12,42,393,826,33.21,13.284,6.8
29244,72,-12,42,395,909,33.21,13.284,9.8
29245,72,-12,42,392,981,33.21,13.284,20.8
29251,72,-12,42,391,650,33.21,19.926,3.2
29252,72,-12,42,388,675,33.21,19.926,4.5
29253,72,-12,42,388,692,33.21,19.926,5.3
29254,72,-12,42,390,745,33.21,19.926,7.9
29255,72,-12,42,385,796,33.21,19.926,17.2
29261,74,-12,45,276,639,33.21,33.21,2.3
29262,74,-12,44,273,666,33.21,33.21,3.4
29263,74,-12,44,273,674,33.21,33.21,4.2
29264,74,-12,44,274,707,33.21,33.21,6.3
29265,74,-12,44,270,762,33.21,33.21,13.7
39221,71,-5,44,367,705,49.5,9.9,4.3
39222,71,-5,44,365,794,49.5,9.9,6.2
39223,71,-5,44,364,836,49.5,9.9,7.6
39224,71,-5,44,366,959,49.5,9.9,10.8
39225,71,-4,43,363,1132,49.5,9.9,23
39231,70,-5,43,371,686,49.5,14.85,3.3
39232,70,-5,43,369,746,49.5,14.85,4.8
39233,70,-5,43,368,773,49.5,14.85,5.9
39234,70,-5,43,370,866,49.5,14.85,8.7
39235,70,-5,43,367,971,49.5,14.85,19.2
39241,71,-5,43,368,662,49.5,19.8,3.1
39242,71,-5,43,365,707,49.5,19.8,4.4
39243,71,-5,43,365,724,49.5,19.8,5.4
39244,71,-5,43,366,794,49.5,19.8,7.7
39245,71,-5,43,363,849,49.5,19.8,16.4
39251,71,-4,44,364,580,49.5,29.7,2.8
39252,71,-4,44,361,596,49.5,29.7,3.9
39253,71,-4,44,361,599,49.5,29.7,4.8
39254,71,-4,44,362,641,49.5,29.7,6.8
39255,71,-4,43,358,678,49.5,29.7,14.6
39261,73,-5,46,254,573,49.5,49.5,1.9
39262,73,-5,46,252,600,49.5,49.5,2.7
39263,73,-5,46,252,607,49.5,49.5,3.3
39264,73,-5,46,253,640,49.5,49.5,4.9
39265,73,-5,46,248,666,49.5,49.5,11
1A221,76,-33,38,470,1076,14,2.8,7.3
1A222,76,-33,38,466,1202,14,2.8,11.6
1A223,77,-34,38,465,1255,14,2.8,14.6
1A224,77,-34,38,467,1417,14,2.8,21.8
1A225,77,-34,49,467,1624,14,2.8,48.2
1A231,75,-34,37,476,997,14,4.2,5.8
1A232,75,-34,36,472,1099,14,4.2,9.3
1A233,75,-34,36,471,1142,14,4.2,11.7
1A234,75,-34,37,473,1276,14,4.2,18
1A235,75,-34,36,472,1434,14,4.2,40.8
1A241,76,-33,37,470,968,14,5.6,6.3
1A242,76,-33,37,467,1045,14,5.6,9.2
1A243,76,-33,37,466,1073,14,5.6,11.3
1A244,76,-33,37,468,1174,14,5.6,16.7
1A245,76,-34,36,466,1255,14,5.6,36
1A251,76,-34,37,463,832,14,8.4,5.1
1A252,76,-34,37,460,875,14,8.4,7.5
1A253,76,-34,37,459,902,14,8.4,9.4
1A254,76,-34,37,461,970,14,8.4,13.9
1A255,76,-34,36,458,1032,14,8.4,30.6
1A261,78,-33,39,328,814,14,14,3.7
1A262,78,-34,39,325,856,14,14,5.8
1A263,78,-34,39,324,873,14,14,7.3
1A264,78,-34,39,327,918,14,14,10.9
1A265,78,-34,39,323,982,14,14,24.1
2A221,72,-12,42,393,799,36.9,7.38,4.1
2A222,72,-12,42,390,910,36.9,7.38,6.2
2A223,72,-12,42,389,961,36.9,7.38,8
2A224,72,-12,42,391,1111,36.9,7.38,11.9
2A225,72,-12,42,388,1338,36.9,7.38,26.9
2A231,72,-12,42,367,774,36.9,11.07,3.7
2A232,72,-12,42,394,849,36.9,11.07,5.6
2A233,72,-12,42,393,881,36.9,11.07,6.9
2A234,72,-12,42,395,983,36.9,11.07,10
2A235,71,-13,42,391,1095,36.9,11.07,21.6
2A241,72,-12,42,393,740,36.9,14.76,2.9
2A242,72,-12,42,390,792,36.9,14.76,4.5
2A243,72,-12,42,390,812,36.9,14.76,5.7
2A244,72,-12,42,391,887,36.9,14.76,8.7
2A245,72,-12,42,388,936,36.9,14.76,19.8
2A251,72,-12,42,388,652,36.9,22.14,3.1
2A252,72,-12,42,386,670,36.9,22.14,4.4
2A253,72,-12,42,385,689,36.9,22.14,5.4
2A254,72,-12,42,387,742,36.9,22.14,7.7
2A255,72,-12,42,383,802,36.9,22.14,16.5
2A261,74,-12,44,271,639,36.9,36.9,1.9
2A262,74,-12,44,269,670,36.9,36.9,2.9
2A263,74,-12,44,269,678,36.9,36.9,3.7
2A264,74,-12,44,270,712,36.9,36.9,5.7
2A265,74,-13,44,265,776,36.9,36.9,12.9
3A221,71,-5,44,364,708,55,11,3.4
3A222,71,-5,44,362,789,55,11,5.1
3A223,71,-5,44,361,831,55,11,6.5
3A224,71,-5,44,363,953,55,11,9.8
3A225,71,-5,44,360,1127,55,11,22
3A231,70,-5,43,368,679,55,16.5,3.2
3A232,70,-5,43,365,745,55,16.5,4.5
3A233,70,-5,43,365,772,55,16.5,5.6
3A234,70,-5,43,366,859,55,16.5,8.2
3A235,70,-5,43,363,952,55,16.5,18.1
3A241,70,-5,44,365,660,55,22,2.7
3A242,70,-5,43,363,704,55,22,4
3A243,70,-5,43,362,722,55,22,4.9
3A244,70,-5,43,364,791,55,22,7.1
3A245,70,-5,43,360,837,55,22,15.2
3A251,71,-5,44,361,578,55,33,2.6
3A252,71,-5,43,359,597,55,33,3.5
3A253,71,-5,44,358,613,55,33,4.3
3A254,71,-5,44,360,658,55,33,6.1
3A255,71,-5,43,356,695,55,33,13.3
3A261,73,-5,46,255,570,55,55,1.7
3A262,73,-5,45,252,594,55,55,2.7
3A263,73,-5,45,252,604,55,55,3.2
3A264,73,-5,45,253,637,55,55,4.7
3A265,72,-6,45,249,663,55,55,10.3